BODEM,HELP_CODE,HELPID,,
AP,V,1,,
APp,V,1,,
AVo,V,1,,
dVc,V,1,,
dVcF,V,1,,
dVd,V,1,,
dVk,V,1,,
dVkF,V,1,,
dVr,V,1,,
fVc,V,1,,
fVz,V,1,,
sVc,V,1,,
sVk,V,1,,
sVp,V,1,,
sVs,V,1,,
sVz,V,1,,
sVzF,V,1,,
sVzt,V,1,,
sVzx,V,1,,
U11Onr018,V,1,,
U12Wnr106,V,1,,
U22Tnr040,V,1,,
U22Tnr041,V,1,,
U2425nr116,V,1,,
U31Onr002,V,1,,
U31Onr102,V,1,,
U31Wnr001,V,1,,
U3435nr003,V,1,,
U3435nr004,V,1,,
U37Onr001,V,1,,
U37Onr141,V,1,,
U37Onr144,V,1,,
U37Onr145,V,1,,
U41Tnr001,V,1,,
U44Wnr139,V,1,,
U52Wnr111,V,1,,
U52WRnr101,V,1,,
U5758nr010,V,1,,
U5758nr110,V,1,,
U5758nr111,V,1,,
U5758nr112,V,1,,
U5758nr115,V,1,,
Vb,V,1,,
Vc,V,1,,
VcE,V,1,,
VcG,V,1,,
Vd,V,1,,
Vk,V,1,,
VkE,V,1,,
VkF,V,1,,
Vo,V,1,,
Vp,V,1,,
VpE,V,1,,
VpH,V,1,,
Vpx,V,1,,
Vr,V,1,,
VrE,V,1,,
VrG,V,1,,
Vs,V,1,,
Vsc,V,1,,
VsG,V,1,,
Vz,V,1,,
Vzc,V,1,,
VzE,V,1,,
VzF,V,1,,
Vzg,V,1,,
Vzt,V,1,,
Vzx,V,1,,
VzxE,V,1,,
aVc,aV,2,,
aVcF,aV,2,,
aVp,aV,2,,
aVpF,aV,2,,
aVpg,aV,2,,
aVpx,aV,2,,
aVs,aV,2,,
aVz,aV,2,,
aVzE,aV,2,,
aVzF,aV,2,,
aVzt,aV,2,,
aVzx,aV,2,,
faVc,aV,2,,
faVz,aV,2,,
faVzF,aV,2,,
faVzt,aV,2,,
saVc,aV,2,,
saVz,aV,2,,
U11Wnr101,aV,2,,
U12ORnr101,aV,2,,
U12ORnr102,aV,2,,
U1318nr101,aV,2,,
U1318nr102,aV,2,,
U22Tnr004,aV,2,,
U22Tnr005,aV,2,,
U2425nr101,aV,2,,
U32ORnr134,aV,2,,
U32ORnr135,aV,2,,
dhVb,hV,3,,
dhVk,hV,3,,
dhVr,hV,3,,
fhVc,hV,3,,
fhVd,hV,3,,
fhVz,hV,3,,
hEV,hV,3,,
hVb,hV,3,,
hVbF,hV,3,,
hVc,hV,3,,
hVcc,hV,3,,
hVcF,hV,3,,
hVd,hV,3,,
hVk,hV,3,,
hVkl,hV,3,,
hVr,hV,3,,
hVs,hV,3,,
hVsc,hV,3,,
hVscE,hV,3,,
hVz,hV,3,,
hVzc,hV,3,,
hVzcE,hV,3,,
hVzF,hV,3,,
hVzg,hV,3,,
hVzG,hV,3,,
hVzx,hV,3,,
ohVb,hV,3,,
ohVc,hV,3,,
ohVk,hV,3,,
ohVs,hV,3,,
ohVsF,hV,3,,
shVz,hV,3,,
U01Wnr101,hV,3,,
U01Wnr102,hV,3,,
U01Wnr103,hV,3,,
U06Tnr007,hV,3,,
U06Tnr105,hV,3,,
U06Tnr106,hV,3,,
U07Wnr004,hV,3,,
U11Wnr006,hV,3,,
U1419nr104,hV,3,,
U1419nr105,hV,3,,
U1419nr106,hV,3,,
U1419nr107,hV,3,,
U1920nr104,hV,3,,
U1920nr105,hV,3,,
U1920nr106,hV,3,,
U2021nr101,hV,3,,
U21Onr110,hV,3,,
U22Tnr101,hV,3,,
U22Tnr103,hV,3,,
U2425nr107,hV,3,,
U2425nr108,hV,3,,
U2425nr109,hV,3,,
U2425nr110,hV,3,,
U25Onr102,hV,3,,
U25Onr103,hV,3,,
U30Tnr103,hV,3,,
U30Tnr104,hV,3,,
U30Tnr105,hV,3,,
U31Onr106,hV,3,,
U31Onr107,hV,3,,
U31Onr108,hV,3,,
U31Wnr004,hV,3,,
U31Wnr005,hV,3,,
U31Wnr101,hV,3,,
U31Wnr102,hV,3,,
U31Wnr109,hV,3,,
U31Wnr110,hV,3,,
U31Wnr111,hV,3,,
U31Wnr112,hV,3,,
U31Wnr113,hV,3,,
U37Onr005,hV,3,,
U37Onr006,hV,3,,
U37Onr101,hV,3,,
U37Onr102,hV,3,,
U37Onr103,hV,3,,
U37Onr104,hV,3,,
U37Onr105,hV,3,,
U37Onr106,hV,3,,
U37Onr107,hV,3,,
U37Onr113,hV,3,,
U37Onr114,hV,3,,
U37Wnr102,hV,3,,
U38Wnr101,hV,3,,
U38Wnr102,hV,3,,
U38Wnr113,hV,3,,
U38Wnr114,hV,3,,
zhVk,hV,3,,
dkVc,kV,4,,
dpVc,kV,4,,
fkVc,kV,4,,
fkVs,kV,4,,
fkVz,kV,4,,
fpVc,kV,4,,
fpVs,kV,4,,
fpVz,kV,4,,
kVb,kV,4,,
kVc,kV,4,,
kVcc,kV,4,,
kVcF,kV,4,,
kVcG,kV,4,,
kVd,kV,4,,
kVdE,kV,4,,
kVk,kV,4,,
kVkG,kV,4,,
kVr,kV,4,,
kVrG,kV,4,,
kVs,kV,4,,
kVsc,kV,4,,
kVsF,kV,4,,
kVsG,kV,4,,
kVz,kV,4,,
kVzc,kV,4,,
kVzE,kV,4,,
kVzF,kV,4,,
kVzG,kV,4,,
kVzx,kV,4,,
opVb,kV,4,,
opVc,kV,4,,
opVk,kV,4,,
opVs,kV,4,,
pVb,kV,4,,
pVbG,kV,4,,
pVc,kV,4,,
pVcc,kV,4,,
pVd,kV,4,,
pVk,kV,4,,
pVr,kV,4,,
pVs,kV,4,,
pVsc,kV,4,,
pVscE,kV,4,,
pVsl,kV,4,,
pVz,kV,4,,
pVzF,kV,4,,
pVzx,kV,4,,
skVc,kV,4,,
spVc,kV,4,,
spVz,kV,4,,
U06Tnr107,kV,4,,
U06Tnr108,kV,4,,
U07Wnr007,kV,4,,
U1419nr108,kV,4,,
U15Tnr011,kV,4,,
U15Tnr012,kV,4,,
U2021nr103,kV,4,,
U2021nr104,kV,4,,
U2021nr105,kV,4,,
U2021nr106,kV,4,,
U25Onr104,kV,4,,
U37Onr007,kV,4,,
U37Onr115,kV,4,,
U37Onr116,kV,4,,
U37Onr117,kV,4,,
U37Onr118,kV,4,,
U37Wnr103,kV,4,,
U37Wnr104,kV,4,,
U38Onr101,kV,4,,
U43Onr108,kV,4,,
U43Onr109,kV,4,,
U44Wnr126,kV,4,,
U4546nr121,kV,4,,
U45WRnr103,kV,4,,
U4849nr014,kV,4,,
U4849nr015,kV,4,,
U4849nr103,kV,4,,
U4849nr104,kV,4,,
U4849nr105,kV,4,,
zkVc,kV,4,,
AVk,zV,5,,
AVkF,zV,5,,
fzVc,zV,5,,
fzVz,zV,5,,
fzVzt,zV,5,,
U2021nr119,zV,5,,
U22Tnr110,zV,5,,
U2632nr115,zV,5,,
U30Tnr134,zV,5,,
U31Onr115,zV,5,,
U32ORnr154,zV,5,,
U33Tnr019,zV,5,,
U39Tnr110,zV,5,,
U44Onr118,zV,5,,
U44Onr120,zV,5,,
U44Onr121,zV,5,,
U44Onr122,zV,5,,
U44Onr123,zV,5,,
U44Wnr140,zV,5,,
U5051nr122,zV,5,,
U5051nr123,zV,5,,
U5051nr124,zV,5,,
U50WRnr128,zV,5,,
U50WRnr129,zV,5,,
U51Onr111,zV,5,,
U52Onr110,zV,5,,
U52Wnr115,zV,5,,
U52Wnr117,zV,5,,
U52Wnr119,zV,5,,
U52Wnr121,zV,5,,
U52WRnr102,zV,5,,
U52WRnr103,zV,5,,
U5758nr119,zV,5,,
U5758nr120,zV,5,,
U5758nr121,zV,5,,
U5758nr122,zV,5,,
U5758nr123,zV,5,,
U5758nr124,zV,5,,
U5758nr125,zV,5,,
uVz,zV,5,,
uVzF,zV,5,,
uWz,zV,5,,
zVc,zV,5,,
zVcF,zV,5,,
zVp,zV,5,,
zVpE,zV,5,,
zVpF,zV,5,,
zVpg,zV,5,,
zVpt,zV,5,,
zVpx,zV,5,,
zVs,zV,5,,
zVsE,zV,5,,
zVsF,zV,5,,
zVz,zV,5,,
zVzE,zV,5,,
zVzF,zV,5,,
zVzg,zV,5,,
zVzH,zV,5,,
zVzt,zV,5,,
zVzx,zV,5,,
fiVc,iV,6,,
fiVz,iV,6,,
iVc,iV,6,,
iVp,iV,6,,
iVpc,iV,6,,
iVpg,iV,6,,
iVpt,iV,6,,
iVpx,iV,6,,
iVs,iV,6,,
iVz,iV,6,,
iVzg,iV,6,,
iVzt,iV,6,,
iVzx,iV,6,,
iVcF,iV*,7,,
iVpF,iV*,7,,
iVpxF,iV*,7,,
iVzF,iV*,7,,
AWg,Wo,8,,
AWgH,Wo,8,,
AWo,Wo,8,,
AWv,Wo,8,,
dWo,Wo,8,,
dWol,Wo,8,,
U07Wnr010,Wo,8,,
U1419nr157,Wo,8,,
U1419nr160,Wo,8,,
U1419nr161,Wo,8,,
U1419nr162,Wo,8,,
U1419nr163,Wo,8,,
U1920nr156,Wo,8,,
U1920nr157,Wo,8,,
U1920nr158,Wo,8,,
U1920nr159,Wo,8,,
U1920nr160,Wo,8,,
U1920nr161,Wo,8,,
U1920nr163,Wo,8,,
U1920nr164,Wo,8,,
U1920nr165,Wo,8,,
U2425nr117,Wo,8,,
U2425nr118,Wo,8,,
U25Onr008,Wo,8,,
U25Onr101,Wo,8,,
U30Tnr001,Wo,8,,
U30Tnr007,Wo,8,,
U30Tnr008,Wo,8,,
U30Tnr125,Wo,8,,
U30Tnr126,Wo,8,,
U30Tnr127,Wo,8,,
U30Tnr128,Wo,8,,
U30Tnr129,Wo,8,,
U30Tnr130,Wo,8,,
U31Onr101,Wo,8,,
U31Onr112,Wo,8,,
U31Onr113,Wo,8,,
U31Wnr002,Wo,8,,
U31Wnr003,Wo,8,,
U31Wnr103,Wo,8,,
U31Wnr104,Wo,8,,
U31Wnr105,Wo,8,,
U31Wnr106,Wo,8,,
U31Wnr107,Wo,8,,
U31Wnr108,Wo,8,,
U31Wnr125,Wo,8,,
U31Wnr126,Wo,8,,
U31Wnr127,Wo,8,,
U31Wnr128,Wo,8,,
U31Wnr129,Wo,8,,
U3435nr107,Wo,8,,
U3435nr108,Wo,8,,
U3435nr109,Wo,8,,
U37Onr002,Wo,8,,
U37Onr003,Wo,8,,
U37Onr004,Wo,8,,
U37Onr025,Wo,8,,
U37Onr026,Wo,8,,
U37Onr027,Wo,8,,
U37Onr028,Wo,8,,
U37Onr108,Wo,8,,
U37Onr109,Wo,8,,
U37Onr110,Wo,8,,
U37Onr111,Wo,8,,
U37Onr112,Wo,8,,
U37Onr142,Wo,8,,
U37Onr143,Wo,8,,
U37Onr146,Wo,8,,
U37Onr147,Wo,8,,
U37Onr148,Wo,8,,
U37Onr149,Wo,8,,
U37Onr150,Wo,8,,
U37Wnr123,Wo,8,,
U37Wnr124,Wo,8,,
U37Wnr125,Wo,8,,
U37Wnr126,Wo,8,,
U38Wnr103,Wo,8,,
U38Wnr104,Wo,8,,
U38Wnr105,Wo,8,,
U38Wnr106,Wo,8,,
U38Wnr123,Wo,8,,
U38Wnr124,Wo,8,,
U38Wnr125,Wo,8,,
Wg,Wo,8,,
WgG,Wo,8,,
Wgl,Wo,8,,
Wo,Wo,8,,
Wol,Wo,8,,
Wov,Wo,8,,
fvWz,vW,9,,
fvWzt,vW,9,,
fvWztx,vW,9,,
gvWp,vW,9,,
nvWz,vW,9,,
svWp,vW,9,,
svWpF,vW,9,,
svWz,vW,9,,
svWzt,vW,9,,
U06Tnr011,vW,9,,
U06Tnr012,vW,9,,
U06Tnr013,vW,9,,
U06Tnr110,vW,9,,
U06Tnr111,vW,9,,
U09Tnr005,vW,9,,
U11Onr105,vW,9,,
U11Onr106,vW,9,,
U11Onr107,vW,9,,
U11Onr108,vW,9,,
U11Onr109,vW,9,,
U11Onr110,vW,9,,
U11Wnr007,vW,9,,
U11Wnr008,vW,9,,
U11Wnr102,vW,9,,
U11Wnr103,vW,9,,
U12ORnr103,vW,9,,
U12ORnr116,vW,9,,
U12ORnr117,vW,9,,
U12ORnr118,vW,9,,
U12ORnr119,vW,9,,
U12ORnr120,vW,9,,
U12ORnr121,vW,9,,
U12ORnr122,vW,9,,
U12ORnr123,vW,9,,
U12ORnr124,vW,9,,
U12Wnr107,vW,9,,
U12Wnr108,vW,9,,
U1318nr105,vW,9,,
U1318nr106,vW,9,,
U1419nr156,vW,9,,
U17ORnr101,vW,9,,
U17ORnr102,vW,9,,
U17ORnr103,vW,9,,
U17ORnr117,vW,9,,
U17ORnr118,vW,9,,
U17ORnr119,vW,9,,
U17ORnr120,vW,9,,
U17ORnr121,vW,9,,
U22Tnr038,vW,9,,
U22Tnr039,vW,9,,
U22Tnr042,vW,9,,
U22Tnr043,vW,9,,
U22Tnr044,vW,9,,
U22Tnr109,vW,9,,
U25Onr007,vW,9,,
U2627nr023,vW,9,,
U27ORnr116,vW,9,,
U27ORnr117,vW,9,,
U28Wnr009,vW,9,,
U28Wnr104,vW,9,,
U30Tnr124,vW,9,,
U31Onr017,vW,9,,
U4546nr123,vW,9,,
U51Onr007,vW,9,,
U51Onr109,vW,9,,
U52Onr107,vW,9,,
U52Wnr112,vW,9,,
U52Wnr113,vW,9,,
U5657nr116,vW,9,,
U5758nr011,vW,9,,
U5758nr113,vW,9,,
U5758nr114,vW,9,,
vWp,vW,9,,
vWpE,vW,9,,
vWpF,vW,9,,
vWpg,vW,9,,
vWpG,vW,9,,
vWpt,vW,9,,
vWpx,vW,9,,
vWpxF,vW,9,,
vWz,vW,9,,
vWzF,vW,9,,
vWzg,vW,9,,
vWzG,vW,9,,
vWzgF,vW,9,,
vWzH,vW,9,,
vWzr,vW,9,,
vWzt,vW,9,,
vWzx,vW,9,,
fkWz,kW,11,,
fkWzg,kW,11,,
kWp,kW,11,,
kWpF,kW,11,,
kWpg,kW,11,,
kWpG,kW,11,,
kWpx,kW,11,,
kWz,kW,11,,
kWzF,kW,11,,
kWzg,kW,11,,
kWzG,kW,11,,
kWzx,kW,11,,
skWz,kW,11,,
U06Tnr009,kW,11,,
U10Tnr002,kW,11,,
U15Tnr104,kW,11,,
U15Tnr105,kW,11,,
U15Tnr106,kW,11,,
U2627nr109,kW,11,,
U2632nr004,kW,11,,
U44Wnr127,kW,11,,
U44Wnr128,kW,11,,
U44Wnr129,kW,11,,
zkWp,kW,11,,
AAP,zW,12,,
ABv,zW,12,,
ABvF,zW,12,,
ABvg,zW,12,,
ABvt,zW,12,,
ABvx,zW,12,,
fzWp,zW,12,,
fzWz,zW,12,,
fzWzt,zW,12,,
U06Tnr001,zW,12,,
U06Tnr112,zW,12,,
U06Tnr113,zW,12,,
U09Tnr008,zW,12,,
U11Onr112,zW,12,,
U11Onr113,zW,12,,
U11Onr114,zW,12,,
U11Onr115,zW,12,,
U11Onr116,zW,12,,
U11Onr117,zW,12,,
U11Onr118,zW,12,,
U11Onr119,zW,12,,
U11Wnr104,zW,12,,
U12ORnr130,zW,12,,
U12ORnr131,zW,12,,
U12ORnr132,zW,12,,
U1318nr001,zW,12,,
U1318nr002,zW,12,,
U1318nr003,zW,12,,
U17ORnr125,zW,12,,
U17ORnr126,zW,12,,
U17ORnr127,zW,12,,
U17ORnr128,zW,12,,
U17ORnr129,zW,12,,
U17ORnr130,zW,12,,
U21Onr113,zW,12,,
U22Tnr001,zW,12,,
U22Tnr002,zW,12,,
U22Tnr003,zW,12,,
U22Tnr010,zW,12,,
U22Tnr111,zW,12,,
U22Tnr112,zW,12,,
U22Tnr113,zW,12,,
U22Tnr114,zW,12,,
U22Tnr115,zW,12,,
U22Tnr116,zW,12,,
U25Onr001,zW,12,,
U2829nr002,zW,12,,
U2829nr003,zW,12,,
U28Wnr105,zW,12,,
U31Onr116,zW,12,,
U31Onr117,zW,12,,
U32ORnr002,zW,12,,
U32ORnr003,zW,12,,
U32ORnr004,zW,12,,
U3435nr001,zW,12,,
U38Wnr001,zW,12,,
U39Tnr111,zW,12,,
U39Tnr112,zW,12,,
U4546nr131,zW,12,,
U5051nr009,zW,12,,
U50WRnr131,zW,12,,
U50WRnr132,zW,12,,
U50WRnr134,zW,12,,
U52Wnr123,zW,12,,
U52Wnr125,zW,12,,
U52Wnr126,zW,12,,
U5657nr118,zW,12,,
zWp,zW,12,,
zWpE,zW,12,,
zWpF,zW,12,,
zWpg,zW,12,,
zWpt,zW,12,,
zWpx,zW,12,,
zWpxF,zW,12,,
zWz,zW,12,,
zWzE,zW,12,,
zWzF,zW,12,,
zWzg,zW,12,,
zWzG,zW,12,,
zWzt,zW,12,,
zWzx,zW,12,,
fiWp,iW,13,,
fiWz,iW,13,,
iWp,iW,13,,
iWpc,iW,13,,
iWpg,iW,13,,
iWpt,iW,13,,
iWpx,iW,13,,
iWz,iW,13,,
iWzt,iW,13,,
iWzx,iW,13,,
iWzxF,iW,13,,
U12ORnr107,iW,13,,
U12ORnr108,iW,13,,
U12ORnr109,iW,13,,
U22Tnr030,iW,13,,
U22Tnr033,iW,13,,
U22Tnr034,iW,13,,
U22Tnr104,iW,13,,
iWpF,iW*,14,,
iWpG,iW*,14,,
iWpxF,iW*,14,,
iWzF,iW*,14,,
U12Wnr103,iW*,14,,
U12Wnr104,iW*,14,,
U12Wnr105,iW*,14,,
U22Tnr031,iW*,14,,
U22Tnr032,iW*,14,,
eMv61Cp,Kz1a,15,,
Mv51Ap,Kz1a,15,,
dMv61C,Kz1b,16,,
eMv51A,Kz1b,16,,
eMv61C,Kz1b,16,,
fRv01C,Kz1b,16,,
Mv51A,Kz1b,16,,
Mv51AE,Kz1b,16,,
Mv51AF,Kz1b,16,,
Mv51AG,Kz1b,16,,
Mv51Al,Kz1b,16,,
nMv61CG,Kz1b,16,,
pMv51,Kz1b,16,,
U15Tnr021,Kz1b,16,,
U15Tnr022,Kz1b,16,,
U15Tnr023,Kz1b,16,,
U15Tnr024,Kz1b,16,,
U2021nr110,Kz1b,16,,
U2021nr111,Kz1b,16,,
U2021nr112,Kz1b,16,,
U2021nr113,Kz1b,16,,
U2021nr114,Kz1b,16,,
U30Tnr123,Kz1b,16,,
U37Onr013,Kz1b,16,,
U38Wnr115,Kz1b,16,,
U38Wnr116,Kz1b,16,,
U43Onr124,Kz1b,16,,
U4849nr029,Kz1b,16,,
U4849nr165,Kz1b,16,,
U4849nr166,Kz1b,16,,
U4849nr167,Kz1b,16,,
zMv61C,Kz1b,16,,
eMv81Ap,Kk1a,17,,
Mv41Cp,Kk1a,17,,
Mv41CpF,Kk1a,17,,
Mv41Cv,Kk1a,17,,
Mv61Cp,Kk1a,17,,
Mv81Ap,Kk1a,17,,
dMv41C,Kk1b,18,,
eMv41C,Kk1b,18,,
eMv81A,Kk1b,18,,
eMv81AF,Kk1b,18,,
epMv81,Kk1b,18,,
eRv01A,Kk1b,18,,
eRv01C,Kk1b,18,,
Mv41C,Kk1b,18,,
Mv41CF,Kk1b,18,,
Mv41CG,Kk1b,18,,
Mv41Cl,Kk1b,18,,
Mv61C,Kk1b,18,,
Mv61CE,Kk1b,18,,
Mv61CF,Kk1b,18,,
Mv61CG,Kk1b,18,,
Mv61Cl,Kk1b,18,,
Mv61ClE,Kk1b,18,,
Mv81A,Kk1b,18,,
Mv81AG,Kk1b,18,,
Mv81Al,Kk1b,18,,
pMv81,Kk1b,18,,
pMv81l,Kk1b,18,,
pMv81p,Kk1b,18,,
pRv81,Kk1b,18,,
Rv01A,Kk1b,18,,
Rv01C,Kk1b,18,,
Rv01CF,Kk1b,18,,
Rv01Cg,Kk1b,18,,
Rv01CG,Kk1b,18,,
Rv01Cp,Kk1b,18,,
U25Onr105,Kk1b,18,,
U37Onr011,Kk1b,18,,
U37Onr012,Kk1b,18,,
U37Onr129,Kk1b,18,,
U37Onr130,Kk1b,18,,
U37Onr131,Kk1b,18,,
U37Onr139,Kk1b,18,,
U37Wnr018,Kk1b,18,,
U37Wnr112,Kk1b,18,,
U37Wnr113,Kk1b,18,,
U38Wnr003,Kk1b,18,,
U38Wnr005,Kk1b,18,,
U38Wnr107,Kk1b,18,,
U43Onr004,Kk1b,18,,
U43Onr122,Kk1b,18,,
U43Onr123,Kk1b,18,,
U43Onr125,Kk1b,18,,
U43Onr126,Kk1b,18,,
U44Wnr121,Kk1b,18,,
U44Wnr133,Kk1b,18,,
zMv41C,Kk1b,18,,
ABk,Kz2a,19,,
ABkF,Kz2a,19,,
ABkt,Kz2a,19,,
AM,Kz2a,19,,
AMm,Kz2a,19,,
AO,Kz2a,19,,
AOF,Kz2a,19,,
AOg,Kz2a,19,,
AOp,Kz2a,19,,
AOv,Kz2a,19,,
AR,Kz2a,19,,
AZW1A,Kz2a,19,,
AZW1AE,Kz2a,19,,
AZW1AF,Kz2a,19,,
AZW1ArF,Kz2a,19,,
AZW1AwF,Kz2a,19,,
AZW5A,Kz2a,19,,
eMn52Cp,Kz2a,19,,
eMn52Cwp,Kz2a,19,,
fABk,Kz2a,19,,
fABkF,Kz2a,19,,
fAFk,Kz2a,19,,
fAFkF,Kz2a,19,,
fMn52CpF,Kz2a,19,,
fRn62C,Kz2a,19,,
fRn62CF,Kz2a,19,,
fRn62Cg,Kz2a,19,,
Mn12Ap,Kz2a,19,,
Mn12ApF,Kz2a,19,,
Mn22Ap,Kz2a,19,,
Mn22ApF,Kz2a,19,,
Mn22ApH,Kz2a,19,,
Mn52Cp,Kz2a,19,,
Mn52CpF,Kz2a,19,,
Mn52Cpx,Kz2a,19,,
Mn52Cwp,Kz2a,19,,
MOb12,Kz2a,19,,
MOo02,Kz2a,19,,
MOo02v,Kz2a,19,,
nAO,Kz2a,19,,
Rn52AE,Kz2a,19,,
Rn52AF,Kz2a,19,,
Rn52Ag,Kz2a,19,,
Rn52AG,Kz2a,19,,
U1419nr007,Kz2a,19,,
U1419nr114,Kz2a,19,,
U1419nr130,Kz2a,19,,
U15Tnr013,Kz2a,19,,
U15Tnr014,Kz2a,19,,
U15Tnr015,Kz2a,19,,
U15Tnr018,Kz2a,19,,
U15Tnr019,Kz2a,19,,
U2021nr001,Kz2a,19,,
U2021nr002,Kz2a,19,,
U21Onr001,Kz2a,19,,
U21Onr002,Kz2a,19,,
U21Onr003,Kz2a,19,,
U22Tnr011,Kz2a,19,,
U22Tnr012,Kz2a,19,,
U22Tnr013,Kz2a,19,,
U22Tnr025,Kz2a,19,,
U2632nr001,Kz2a,19,,
U27ORnr001,Kz2a,19,,
U27ORnr002,Kz2a,19,,
U27ORnr003,Kz2a,19,,
U27ORnr004,Kz2a,19,,
U27ORnr005,Kz2a,19,,
U27ORnr006,Kz2a,19,,
U27ORnr007,Kz2a,19,,
U27ORnr008,Kz2a,19,,
U27ORnr009,Kz2a,19,,
U2829nr001,Kz2a,19,,
U32ORnr001,Kz2a,19,,
U33Tnr006,Kz2a,19,,
U3435nr009,Kz2a,19,,
U38Onr001,Kz2a,19,,
U38Wnr002,Kz2a,19,,
U43Onr103,Kz2a,19,,
U43Onr104,Kz2a,19,,
U43Onr110,Kz2a,19,,
U44Onr001,Kz2a,19,,
U4849nr118,Kz2a,19,,
U4849nr119,Kz2a,19,,
U4849nr120,Kz2a,19,,
U4849nr128,Kz2a,19,,
U49Onr107,Kz2a,19,,
U5354nr104,Kz2a,19,,
U5354nr128,Kz2a,19,,
U5354nr132,Kz2a,19,,
U5354nr133,Kz2a,19,,
U5455nr122,Kz2a,19,,
U5455nr124,Kz2a,19,,
U5455nr125,Kz2a,19,,
zMn22Ap,Kz2a,19,,
zRn62C,Kz2a,19,,
AAKp,Kz2b,20,,
AK,Kz2b,20,,
AKF,Kz2b,20,,
AKp,Kz2b,20,,
ALu,Kz2b,20,,
EK19,Kz2b,20,,
EK19F,Kz2b,20,,
EK19p,Kz2b,20,,
EK19x,Kz2b,20,,
eMn12Ap,Kz2b,20,,
eMn22A,Kz2b,20,,
eMn22Ap,Kz2b,20,,
eMn52Cg,Kz2b,20,,
eMo20A,Kz2b,20,,
eMo20Ap,Kz2b,20,,
epRn59G,Kz2b,20,,
eRn52A,Kz2b,20,,
fpRn59,Kz2b,20,,
gMn52C,Kz2b,20,,
gMn52CF,Kz2b,20,,
gMn52Cp,Kz2b,20,,
gMn52Cw,Kz2b,20,,
gRd10A,Kz2b,20,,
hRd10A,Kz2b,20,,
hRd10C,Kz2b,20,,
Mn12A,Kz2b,20,,
Mn12AE,Kz2b,20,,
Mn12AF,Kz2b,20,,
Mn12AH,Kz2b,20,,
Mn12Av,Kz2b,20,,
Mn12AvF,Kz2b,20,,
Mn12Awp,Kz2b,20,,
Mn12AwpF,Kz2b,20,,
Mn22A,Kz2b,20,,
Mn22AF,Kz2b,20,,
Mn22AH,Kz2b,20,,
Mn22AlvF,Kz2b,20,,
Mn22AvF,Kz2b,20,,
Mn22Aw,Kz2b,20,,
Mn22Awp,Kz2b,20,,
Mn22Ax,Kz2b,20,,
Mn52C,Kz2b,20,,
Mn52CF,Kz2b,20,,
Mn52Cx,Kz2b,20,,
pMn52A,Kz2b,20,,
pMn52AF,Kz2b,20,,
pMn52C,Kz2b,20,,
pMn52Cp,Kz2b,20,,
pRn59,Kz2b,20,,
pRn59F,Kz2b,20,,
pRn59G,Kz2b,20,,
pRn59p,Kz2b,20,,
pRn59t,Kz2b,20,,
pRn59wF,Kz2b,20,,
Rd10A,Kz2b,20,,
Rd10AF,Kz2b,20,,
Rd10Ag,Kz2b,20,,
Rd10AG,Kz2b,20,,
Rd10C,Kz2b,20,,
Rd10Cg,Kz2b,20,,
Rd10CG,Kz2b,20,,
Rd10Cm,Kz2b,20,,
Rd10Cp,Kz2b,20,,
Rn52A,Kz2b,20,,
U09Tnr003,Kz2b,20,,
U09Tnr004,Kz2b,20,,
U09Tnr105,Kz2b,20,,
U1419nr112,Kz2b,20,,
U1419nr113,Kz2b,20,,
U1419nr115,Kz2b,20,,
U1419nr116,Kz2b,20,,
U1419nr118,Kz2b,20,,
U1419nr119,Kz2b,20,,
U1419nr124,Kz2b,20,,
U1419nr125,Kz2b,20,,
U1419nr126,Kz2b,20,,
U1419nr127,Kz2b,20,,
U1419nr128,Kz2b,20,,
U1419nr129,Kz2b,20,,
U1419nr131,Kz2b,20,,
U1419nr132,Kz2b,20,,
U1419nr133,Kz2b,20,,
U2021nr006,Kz2b,20,,
U2425nr112,Kz2b,20,,
U2425nr113,Kz2b,20,,
U2627nr018,Kz2b,20,,
U2627nr022,Kz2b,20,,
U27ORnr049,Kz2b,20,,
U27ORnr051,Kz2b,20,,
U27ORnr052,Kz2b,20,,
U30Tnr110,Kz2b,20,,
U31Onr110,Kz2b,20,,
U31Wnr115,Kz2b,20,,
U31Wnr124,Kz2b,20,,
U36Onr103,Kz2b,20,,
U36Onr104,Kz2b,20,,
U36Onr105,Kz2b,20,,
U36Onr106,Kz2b,20,,
U36Onr107,Kz2b,20,,
U36Onr108,Kz2b,20,,
U36Onr109,Kz2b,20,,
U37Onr119,Kz2b,20,,
U37Onr120,Kz2b,20,,
U37Onr121,Kz2b,20,,
U37Wnr004,Kz2b,20,,
U37Wnr019,Kz2b,20,,
U37Wnr105,Kz2b,20,,
U37Wnr106,Kz2b,20,,
U37Wnr107,Kz2b,20,,
U37Wnr108,Kz2b,20,,
U37Wnr114,Kz2b,20,,
U38Wnr112,Kz2b,20,,
U38Wnr118,Kz2b,20,,
U38Wnr119,Kz2b,20,,
U38Wnr120,Kz2b,20,,
U39Tnr105,Kz2b,20,,
U39Tnr106,Kz2b,20,,
U39Tnr107,Kz2b,20,,
U40Tnr001,Kz2b,20,,
U40Tnr106,Kz2b,20,,
U4248nr105,Kz2b,20,,
U4248nr106,Kz2b,20,,
U4248nr107,Kz2b,20,,
U4248nr108,Kz2b,20,,
U4248nr109,Kz2b,20,,
U4248nr112,Kz2b,20,,
U4248nr113,Kz2b,20,,
U4248nr114,Kz2b,20,,
U4248nr115,Kz2b,20,,
U43Onr112,Kz2b,20,,
U43Onr113,Kz2b,20,,
U43Onr114,Kz2b,20,,
U43Onr119,Kz2b,20,,
U43Wnr109,Kz2b,20,,
U43Wnr110,Kz2b,20,,
U43Wnr111,Kz2b,20,,
U43Wnr112,Kz2b,20,,
U43Wnr113,Kz2b,20,,
U43Wnr116,Kz2b,20,,
U43Wnr117,Kz2b,20,,
U43Wnr118,Kz2b,20,,
U43Wnr125,Kz2b,20,,
U44Onr002,Kz2b,20,,
U44Onr105,Kz2b,20,,
U44Onr109,Kz2b,20,,
U44Onr114,Kz2b,20,,
U44Onr115,Kz2b,20,,
U44Onr116,Kz2b,20,,
U44Onr117,Kz2b,20,,
U44Wnr001,Kz2b,20,,
U44Wnr103,Kz2b,20,,
U44Wnr104,Kz2b,20,,
U44Wnr105,Kz2b,20,,
U44Wnr130,Kz2b,20,,
U44Wnr131,Kz2b,20,,
U44Wnr136,Kz2b,20,,
U44Wnr137,Kz2b,20,,
U44Wnr138,Kz2b,20,,
U4546nr020,Kz2b,20,,
U45WRnr108,Kz2b,20,,
U45WRnr109,Kz2b,20,,
U45WRnr110,Kz2b,20,,
U4849nr115,Kz2b,20,,
U4849nr116,Kz2b,20,,
U4849nr117,Kz2b,20,,
U4849nr121,Kz2b,20,,
U4849nr122,Kz2b,20,,
U4849nr126,Kz2b,20,,
U4849nr127,Kz2b,20,,
U4849nr129,Kz2b,20,,
U4849nr130,Kz2b,20,,
U4849nr162,Kz2b,20,,
U5354nr126,Kz2b,20,,
U5354nr127,Kz2b,20,,
U5354nr129,Kz2b,20,,
U5354nr130,Kz2b,20,,
U5354nr131,Kz2b,20,,
U5354nr134,Kz2b,20,,
U5354nr139,Kz2b,20,,
U5354nr140,Kz2b,20,,
U5354nr141,Kz2b,20,,
U5354nr142,Kz2b,20,,
U5354nr143,Kz2b,20,,
U5455nr114,Kz2b,20,,
U5455nr115,Kz2b,20,,
U5455nr116,Kz2b,20,,
U5455nr123,Kz2b,20,,
U5455nr136,Kz2b,20,,
zRd10A,Kz2b,20,,
eMn82Ap,Kk2a,21,,
eMn82Cp,Kk2a,21,,
eMOb72,Kk2a,21,,
Mn82Ap,Kk2a,21,,
Mn82Cp,Kk2a,21,,
Mn82CpG,Kk2a,21,,
Mn82Cpx,Kk2a,21,,
Mn82Cwp,Kk2a,21,,
Rn62Cp,Kk2a,21,,
Rn62Cwp,Kk2a,21,,
U1920nr004,Kk2a,21,,
U1920nr005,Kk2a,21,,
eMn82A,Kk2b,22,,
eMn82C,Kk2b,22,,
eMo80Ap,Kk2b,22,,
eRn82A,Kk2b,22,,
gMn82C,Kk2b,22,,
Mn82A,Kk2b,22,,
Mn82AH,Kk2b,22,,
Mn82C,Kk2b,22,,
Mo80Ap,Kk2b,22,,
Mo80Cp,Kk2b,22,,
Mo80Cw,Kk2b,22,,
Mo80CwF,Kk2b,22,,
Mo80Cwp,Kk2b,22,,
MOb72,Kk2b,22,,
nMo80AwG,Kk2b,22,,
pMn82A,Kk2b,22,,
pMn82C,Kk2b,22,,
Rn42Cg,Kk2b,22,,
Rn42Cp,Kk2b,22,,
Rn62C,Kk2b,22,,
Rn62Cg,Kk2b,22,,
Rn62CG,Kk2b,22,,
Rn62CgH,Kk2b,22,,
Rn62CH,Kk2b,22,,
Rn82A,Kk2b,22,,
Rn82Ag,Kk2b,22,,
Rn82AG,Kk2b,22,,
ROb72,Kk2b,22,,
U2021nr115,Kk2b,22,,
U21Onr111,Kk2b,22,,
U36Onr110,Kk2b,22,,
U37Onr122,Kk2b,22,,
U37Onr123,Kk2b,22,,
U38Wnr110,Kk2b,22,,
U38Wnr121,Kk2b,22,,
U40Tnr005,Kk2b,22,,
U40Tnr006,Kk2b,22,,
U4248nr121,Kk2b,22,,
U4248nr122,Kk2b,22,,
U43Onr116,Kk2b,22,,
U43Onr117,Kk2b,22,,
U43Wnr120,Kk2b,22,,
U43Wnr121,Kk2b,22,,
U44Onr106,Kk2b,22,,
U44Wnr109,Kk2b,22,,
U44Wnr110,Kk2b,22,,
U44Wnr111,Kk2b,22,,
U44Wnr112,Kk2b,22,,
U44Wnr113,Kk2b,22,,
U44Wnr114,Kk2b,22,,
U44Wnr115,Kk2b,22,,
U44Wnr116,Kk2b,22,,
U44Wnr119,Kk2b,22,,
U44Wnr132,Kk2b,22,,
U4849nr153,Kk2b,22,,
U4849nr154,Kk2b,22,,
U4849nr155,Kk2b,22,,
U5354nr149,Kk2b,22,,
U5354nr150,Kk2b,22,,
U5354nr151,Kk2b,22,,
U5455nr132,Kk2b,22,,
U5455nr133,Kk2b,22,,
bMn56Cp,Kz34a,23,,
fMn56Cp,Kz34a,23,,
gMn53Cp,Kz34a,23,,
gMn53Cpx,Kz34a,23,,
gMn53Cw,Kz34a,23,,
gMn53Cwp,Kz34a,23,,
kMn63Cp,Kz34a,23,,
kMn63Cpx,Kz34a,23,,
kMn63Cwp,Kz34a,23,,
Mn56Ap,Kz34a,23,,
Mn56Av,Kz34a,23,,
Mn56AvE,Kz34a,23,,
Mn56Aw,Kz34a,23,,
Mn56AwE,Kz34a,23,,
Mn56Cp,Kz34a,23,,
Mn56Cwp,Kz34a,23,,
zMn56Cp,Kz34a,23,,
bgMn53C,Kz34b,24,,
dgMn58Cv,Kz34b,24,,
eMn56Av,Kz34b,24,,
epRn56G,Kz34b,24,,
eRn66A,Kz34b,24,,
eRn66Av,Kz34b,24,,
fMn56Cv,Kz34b,24,,
gMn53C,Kz34b,24,,
gMn53Cv,Kz34b,24,,
gMn58C,Kz34b,24,,
gMn58Cv,Kz34b,24,,
kMn63C,Kz34b,24,,
kMn63CG,Kz34b,24,,
kMn63Cv,Kz34b,24,,
kMn68C,Kz34b,24,,
kMn68Cl,Kz34b,24,,
kMn68Cv,Kz34b,24,,
Mn56A,Kz34b,24,,
Mn56AE,Kz34b,24,,
Mn56C,Kz34b,24,,
Mn56CE,Kz34b,24,,
Mn56CF,Kz34b,24,,
Mn56CG,Kz34b,24,,
Mn56Cv,Kz34b,24,,
Mn56CvE,Kz34b,24,,
pMn56C,Kz34b,24,,
pMn56Cl,Kz34b,24,,
pRn56p,Kz34b,24,,
pRn56v,Kz34b,24,,
pRn56wp,Kz34b,24,,
Rn14C,Kz34b,24,,
U1419nr135,Kz34b,24,,
U1419nr136,Kz34b,24,,
U1419nr137,Kz34b,24,,
U1419nr138,Kz34b,24,,
U30Tnr114,Kz34b,24,,
U30Tnr115,Kz34b,24,,
U31Onr015,Kz34b,24,,
U36Onr001,Kz34b,24,,
U37Wnr016,Kz34b,24,,
U38Onr002,Kz34b,24,,
U4248nr101,Kz34b,24,,
U4248nr117,Kz34b,24,,
U4248nr118,Kz34b,24,,
U4248nr119,Kz34b,24,,
U4248nr120,Kz34b,24,,
U4849nr028,Kz34b,24,,
U4849nr101,Kz34b,24,,
U4849nr102,Kz34b,24,,
U4849nr136,Kz34b,24,,
U4849nr137,Kz34b,24,,
U4849nr138,Kz34b,24,,
U4849nr139,Kz34b,24,,
U4849nr140,Kz34b,24,,
U4849nr141,Kz34b,24,,
U4849nr142,Kz34b,24,,
U4849nr143,Kz34b,24,,
U4849nr144,Kz34b,24,,
U4849nr145,Kz34b,24,,
U4849nr146,Kz34b,24,,
U4849nr147,Kz34b,24,,
U4849nr148,Kz34b,24,,
U4849nr149,Kz34b,24,,
U4849nr150,Kz34b,24,,
U4849nr151,Kz34b,24,,
U4849nr152,Kz34b,24,,
U5354nr105,Kz34b,24,,
U5354nr106,Kz34b,24,,
U5455nr130,Kz34b,24,,
U5455nr131,Kz34b,24,,
bMn45A,Kk34a,25,,
bRn46C,Kk34a,25,,
eMn45A,Kk34a,25,,
eMn45Ap,Kk34a,25,,
eMn45Av,Kk34a,25,,
eMn86Av,Kk34a,25,,
eMn86Cw,Kk34a,25,,
eRn46A,Kk34a,25,,
eRn46Av,Kk34a,25,,
eRn47C,Kk34a,25,,
gMn83Cp,Kk34a,25,,
gMn83CpF,Kk34a,25,,
gMn83Cw,Kk34a,25,,
gMn83Cwp,Kk34a,25,,
gMn88CwF,Kk34a,25,,
kMn43C,Kk34a,25,,
kMn43CG,Kk34a,25,,
kMn43Cp,Kk34a,25,,
kMn43Cpx,Kk34a,25,,
kMn43Cv,Kk34a,25,,
kMn43Cwp,Kk34a,25,,
kMn48C,Kk34a,25,,
kMn48CG,Kk34a,25,,
kMn48Cl,Kk34a,25,,
kMn48Clv,Kk34a,25,,
kMn48Cv,Kk34a,25,,
kMn48Cvl,Kk34a,25,,
kMn48Cw,Kk34a,25,,
Mn45A,Kk34a,25,,
Mn45AF,Kk34a,25,,
Mn45AG,Kk34a,25,,
Mn45Ap,Kk34a,25,,
Mn45Av,Kk34a,25,,
Mn45AvF,Kk34a,25,,
Mn86Av,Kk34a,25,,
Mn86AvE,Kk34a,25,,
Mn86Aw,Kk34a,25,,
Mn86AwE,Kk34a,25,,
Mn86Clw,Kk34a,25,,
Mn86Clwp,Kk34a,25,,
Mn86Cp,Kk34a,25,,
Mn86Cw,Kk34a,25,,
Mn86CwF,Kk34a,25,,
Mn86Cwp,Kk34a,25,,
pMn86Cw,Kk34a,25,,
pMn86Cwl,Kk34a,25,,
Rn44C,Kk34a,25,,
Rn44CG,Kk34a,25,,
Rn44Cv,Kk34a,25,,
Rn44CvG,Kk34a,25,,
Rn44Cw,Kk34a,25,,
Rn46A,Kk34a,25,,
Rn46Av,Kk34a,25,,
Rn46Aw,Kk34a,25,,
Rn47C,Kk34a,25,,
Rn47CF,Kk34a,25,,
Rn47Cg,Kk34a,25,,
Rn47CG,Kk34a,25,,
Rn47Cp,Kk34a,25,,
Rn47Cv,Kk34a,25,,
Rn47Cw,Kk34a,25,,
Rn47Cwp,Kk34a,25,,
Rn67Cp,Kk34a,25,,
Rn67Cwp,Kk34a,25,,
U06Tnr005,Kk34a,25,,
U06Tnr008,Kk34a,25,,
U38Wnr108,Kk34a,25,,
U38Wnr109,Kk34a,25,,
zRn47Cwp,Kk34a,25,,
bMn86C,Kk34b,26,,
dgMn83C,Kk34b,26,,
dgMn88Cv,Kk34b,26,,
dMn86C,Kk34b,26,,
EK76,Kk34b,26,,
eMn86A,Kk34b,26,,
eMn86C,Kk34b,26,,
eMn86Cv,Kk34b,26,,
epRn86G,Kk34b,26,,
eRn94CG,Kk34b,26,,
fpRn86,Kk34b,26,,
gMn83C,Kk34b,26,,
gMn83CE,Kk34b,26,,
gMn83CF,Kk34b,26,,
gMn83CG,Kk34b,26,,
gMn83Cv,Kk34b,26,,
gMn88C,Kk34b,26,,
gMn88CF,Kk34b,26,,
gMn88CG,Kk34b,26,,
gMn88Cl,Kk34b,26,,
gMn88Clv,Kk34b,26,,
gMn88Cv,Kk34b,26,,
gMn88CvF,Kk34b,26,,
gRn94Cv,Kk34b,26,,
Mn86A,Kk34b,26,,
Mn86AE,Kk34b,26,,
Mn86AG,Kk34b,26,,
Mn86Al,Kk34b,26,,
Mn86C,Kk34b,26,,
Mn86CE,Kk34b,26,,
Mn86CF,Kk34b,26,,
Mn86CG,Kk34b,26,,
Mn86Cl,Kk34b,26,,
Mn86Clv,Kk34b,26,,
Mn86Cv,Kk34b,26,,
Mn86CvE,Kk34b,26,,
pMn86C,Kk34b,26,,
pMn86CE,Kk34b,26,,
pMn86Cl,Kk34b,26,,
pMn86Cv,Kk34b,26,,
pRn86,Kk34b,26,,
pRn86G,Kk34b,26,,
pRn86p,Kk34b,26,,
pRn86t,Kk34b,26,,
pRn86v,Kk34b,26,,
pRn86w,Kk34b,26,,
pRn86wp,Kk34b,26,,
Rn45A,Kk34b,26,,
Rn66A,Kk34b,26,,
Rn66AG,Kk34b,26,,
Rn66Av,Kk34b,26,,
Rn67C,Kk34b,26,,
Rn67CF,Kk34b,26,,
Rn67Cg,Kk34b,26,,
Rn67CG,Kk34b,26,,
Rn67Cv,Kk34b,26,,
Rn94C,Kk34b,26,,
Rn94Cv,Kk34b,26,,
U07Wnr005,Kk34b,26,,
U07Wnr006,Kk34b,26,,
U07Wnr009,Kk34b,26,,
U09Tnr002,Kk34b,26,,
U10Tnr001,Kk34b,26,,
U1419nr149,Kk34b,26,,
U1920nr023,Kk34b,26,,
U1920nr144,Kk34b,26,,
U25Onr003,Kk34b,26,,
U25Onr005,Kk34b,26,,
U2632nr005,Kk34b,26,,
U30Tnr002,Kk34b,26,,
U30Tnr116,Kk34b,26,,
U31Onr012,Kk34b,26,,
U31Onr013,Kk34b,26,,
U31Onr014,Kk34b,26,,
U31Wnr007,Kk34b,26,,
U31Wnr008,Kk34b,26,,
U31Wnr011,Kk34b,26,,
U31Wnr118,Kk34b,26,,
U37Onr010,Kk34b,26,,
U37Onr020,Kk34b,26,,
U37Onr125,Kk34b,26,,
U37Onr126,Kk34b,26,,
U37Onr127,Kk34b,26,,
U37Onr128,Kk34b,26,,
U37Onr133,Kk34b,26,,
U37Onr134,Kk34b,26,,
U37Onr135,Kk34b,26,,
U37Onr136,Kk34b,26,,
U37Wnr005,Kk34b,26,,
U37Wnr006,Kk34b,26,,
U37Wnr007,Kk34b,26,,
U37Wnr008,Kk34b,26,,
U37Wnr009,Kk34b,26,,
U37Wnr010,Kk34b,26,,
U37Wnr017,Kk34b,26,,
U37Wnr101,Kk34b,26,,
U37Wnr116,Kk34b,26,,
U38Wnr004,Kk34b,26,,
U38Wnr111,Kk34b,26,,
U39Tnr005,Kk34b,26,,
U4248nr123,Kk34b,26,,
U4248nr124,Kk34b,26,,
U4248nr125,Kk34b,26,,
U4248nr126,Kk34b,26,,
U4248nr127,Kk34b,26,,
U4248nr128,Kk34b,26,,
U43Onr105,Kk34b,26,,
U43Wnr101,Kk34b,26,,
U43Wnr102,Kk34b,26,,
U44Onr107,Kk34b,26,,
U44Onr108,Kk34b,26,,
U44Wnr117,Kk34b,26,,
U44Wnr118,Kk34b,26,,
U4849nr156,Kk34b,26,,
U4849nr157,Kk34b,26,,
U4849nr158,Kk34b,26,,
U4849nr159,Kk34b,26,,
U4849nr160,Kk34b,26,,
U4849nr161,Kk34b,26,,
U5354nr152,Kk34b,26,,
U5455nr134,Kk34b,26,,
zgMn88C,Kk34b,26,,
eMn15Ap,Kz5hz,27,,
eMn25Ap,Kz5hz,27,,
Mn15Ap,Kz5hz,27,,
Mn15ApF,Kz5hz,27,,
Mn15ApH,Kz5hz,27,,
Mn15Awp,Kz5hz,27,,
Mn25Ap,Kz5hz,27,,
Mn25ApF,Kz5hz,27,,
Mn25Awp,Kz5hz,27,,
Mn25Cp,Kz5hz,27,,
Rn15CgG,Kz5hz,27,,
U06Tnr010,Kz5hz,27,,
U15Tnr016,Kz5hz,27,,
U15Tnr017,Kz5hz,27,,
U15Tnr020,Kz5hz,27,,
U2632nr006,Kz5hz,27,,
U31Wnr120,Kz5hz,27,,
U5354nr137,Kz5hz,27,,
U5455nr119,Kz5hz,27,,
U5455nr121,Kz5hz,27,,
zMn25Ap,Kz5hz,27,,
AEk9,Kz5h,28,,
AEm5,Kz5h,28,,
AEp6A,Kz5h,28,,
AZW6A,Kz5h,28,,
AZW6Al,Kz5h,28,,
AZW6Alv,Kz5h,28,,
AZW7Al,Kz5h,28,,
AZW7Alw,Kz5h,28,,
AZW7Alwp,Kz5h,28,,
bgMn15C,Kz5h,28,,
bgMn25C,Kz5h,28,,
bMn15A,Kz5h,28,,
bMn15C,Kz5h,28,,
bMn25A,Kz5h,28,,
bMn25C,Kz5h,28,,
eMn15A,Kz5h,28,,
eMn25A,Kz5h,28,,
eMn25Av,Kz5h,28,,
eMOo05,Kz5h,28,,
epMn55A,Kz5h,28,,
epMo50,Kz5h,28,,
fRn15C,Kz5h,28,,
fRo60C,Kz5h,28,,
gMn15C,Kz5h,28,,
gMn15CE,Kz5h,28,,
gMn15CG,Kz5h,28,,
gMn25C,Kz5h,28,,
gMn25CE,Kz5h,28,,
gMn25CG,Kz5h,28,,
gMn25Cv,Kz5h,28,,
gRn15A,Kz5h,28,,
Mn15A,Kz5h,28,,
Mn15AE,Kz5h,28,,
Mn15AF,Kz5h,28,,
Mn15AG,Kz5h,28,,
Mn15AH,Kz5h,28,,
Mn15Av,Kz5h,28,,
Mn15AvE,Kz5h,28,,
Mn15AvF,Kz5h,28,,
Mn15AvG,Kz5h,28,,
Mn15Aw,Kz5h,28,,
Mn15AwE,Kz5h,28,,
Mn15AwF,Kz5h,28,,
Mn15C,Kz5h,28,,
Mn15CE,Kz5h,28,,
Mn15CF,Kz5h,28,,
Mn15Clv,Kz5h,28,,
Mn15Cv,Kz5h,28,,
Mn15Cw,Kz5h,28,,
Mn25A,Kz5h,28,,
Mn25AE,Kz5h,28,,
Mn25AF,Kz5h,28,,
Mn25AG,Kz5h,28,,
Mn25AH,Kz5h,28,,
Mn25Alv,Kz5h,28,,
Mn25Av,Kz5h,28,,
Mn25AvE,Kz5h,28,,
Mn25AvF,Kz5h,28,,
Mn25AvG,Kz5h,28,,
Mn25Aw,Kz5h,28,,
Mn25AwE,Kz5h,28,,
Mn25C,Kz5h,28,,
Mn25CG,Kz5h,28,,
Mn25Cv,Kz5h,28,,
Mn25Cw,Kz5h,28,,
Mo10A,Kz5h,28,,
Mo10Av,Kz5h,28,,
Mo20A,Kz5h,28,,
Mo20AF,Kz5h,28,,
Mo20AG,Kz5h,28,,
Mo20Av,Kz5h,28,,
Mo50C,Kz5h,28,,
Mo80A,Kz5h,28,,
Mo80AF,Kz5h,28,,
Mo80AG,Kz5h,28,,
Mo80AH,Kz5h,28,,
MOb15,Kz5h,28,,
MOo05,Kz5h,28,,
nMn15A,Kz5h,28,,
nMn15AvG,Kz5h,28,,
nMo10A,Kz5h,28,,
npMo50lE,Kz5h,28,,
pMn55A,Kz5h,28,,
pMn55AE,Kz5h,28,,
pMn55AF,Kz5h,28,,
pMn55Av,Kz5h,28,,
pMn55AvG,Kz5h,28,,
pMn55Aw,Kz5h,28,,
pMn55AwE,Kz5h,28,,
pMn55C,Kz5h,28,,
pMn55CE,Kz5h,28,,
pMn55Cp,Kz5h,28,,
pMo50,Kz5h,28,,
pMo50F,Kz5h,28,,
pMo50G,Kz5h,28,,
pMo50l,Kz5h,28,,
pMo50lE,Kz5h,28,,
pMo50w,Kz5h,28,,
Rn15A,Kz5h,28,,
Rn15AG,Kz5h,28,,
Rn15C,Kz5h,28,,
Rn15CG,Kz5h,28,,
Rn15Ct,Kz5h,28,,
Rn15Cw,Kz5h,28,,
U0708nr101,Kz5h,28,,
U07Wnr001,Kz5h,28,,
U1419nr003,Kz5h,28,,
U1419nr004,Kz5h,28,,
U1419nr016,Kz5h,28,,
U1419nr017,Kz5h,28,,
U1419nr018,Kz5h,28,,
U1419nr019,Kz5h,28,,
U1419nr143,Kz5h,28,,
U1419nr145,Kz5h,28,,
U1419nr147,Kz5h,28,,
U16Tnr001,Kz5h,28,,
U1920nr006,Kz5h,28,,
U1920nr007,Kz5h,28,,
U1920nr008,Kz5h,28,,
U1920nr009,Kz5h,28,,
U1920nr010,Kz5h,28,,
U1920nr011,Kz5h,28,,
U1920nr012,Kz5h,28,,
U1920nr013,Kz5h,28,,
U1920nr014,Kz5h,28,,
U1920nr015,Kz5h,28,,
U1920nr107,Kz5h,28,,
U1920nr108,Kz5h,28,,
U1920nr109,Kz5h,28,,
U1920nr110,Kz5h,28,,
U1920nr111,Kz5h,28,,
U1920nr112,Kz5h,28,,
U1920nr113,Kz5h,28,,
U1920nr114,Kz5h,28,,
U1920nr115,Kz5h,28,,
U1920nr116,Kz5h,28,,
U1920nr117,Kz5h,28,,
U1920nr118,Kz5h,28,,
U1920nr119,Kz5h,28,,
U1920nr120,Kz5h,28,,
U1920nr121,Kz5h,28,,
U1920nr122,Kz5h,28,,
U1920nr123,Kz5h,28,,
U1920nr124,Kz5h,28,,
U1920nr125,Kz5h,28,,
U1920nr126,Kz5h,28,,
U1920nr127,Kz5h,28,,
U1920nr128,Kz5h,28,,
U1920nr129,Kz5h,28,,
U1920nr130,Kz5h,28,,
U1920nr131,Kz5h,28,,
U1920nr132,Kz5h,28,,
U1920nr135,Kz5h,28,,
U1920nr136,Kz5h,28,,
U1920nr137,Kz5h,28,,
U1920nr138,Kz5h,28,,
U1920nr139,Kz5h,28,,
U1920nr145,Kz5h,28,,
U2021nr007,Kz5h,28,,
U2021nr008,Kz5h,28,,
U2021nr009,Kz5h,28,,
U2021nr010,Kz5h,28,,
U2021nr013,Kz5h,28,,
U2425nr114,Kz5h,28,,
U25Onr004,Kz5h,28,,
U30Tnr003,Kz5h,28,,
U30Tnr004,Kz5h,28,,
U30Tnr106,Kz5h,28,,
U30Tnr111,Kz5h,28,,
U30Tnr112,Kz5h,28,,
U30Tnr113,Kz5h,28,,
U30Tnr117,Kz5h,28,,
U30Tnr118,Kz5h,28,,
U31Onr005,Kz5h,28,,
U31Wnr009,Kz5h,28,,
U31Wnr010,Kz5h,28,,
U31Wnr116,Kz5h,28,,
U31Wnr119,Kz5h,28,,
U3435nr023,Kz5h,28,,
U36Onr101,Kz5h,28,,
U36Onr102,Kz5h,28,,
U37Onr014,Kz5h,28,,
U37Onr021,Kz5h,28,,
U37Wnr001,Kz5h,28,,
U37Wnr002,Kz5h,28,,
U37Wnr003,Kz5h,28,,
U37Wnr011,Kz5h,28,,
U37Wnr012,Kz5h,28,,
U37Wnr013,Kz5h,28,,
U37Wnr020,Kz5h,28,,
U37Wnr110,Kz5h,28,,
U37Wnr115,Kz5h,28,,
U4248nr004,Kz5h,28,,
U4248nr006,Kz5h,28,,
U4248nr110,Kz5h,28,,
U4248nr111,Kz5h,28,,
U4248nr116,Kz5h,28,,
U43Onr111,Kz5h,28,,
U43Onr118,Kz5h,28,,
U43Onr120,Kz5h,28,,
U43Onr121,Kz5h,28,,
U43Wnr114,Kz5h,28,,
U43Wnr115,Kz5h,28,,
U43Wnr119,Kz5h,28,,
U43Wnr122,Kz5h,28,,
U43Wnr123,Kz5h,28,,
U43Wnr124,Kz5h,28,,
U43Wnr126,Kz5h,28,,
U44Wnr106,Kz5h,28,,
U44Wnr107,Kz5h,28,,
U44Wnr120,Kz5h,28,,
U4849nr002,Kz5h,28,,
U4849nr003,Kz5h,28,,
U4849nr010,Kz5h,28,,
U4849nr011,Kz5h,28,,
U4849nr012,Kz5h,28,,
U4849nr013,Kz5h,28,,
U4849nr019,Kz5h,28,,
U4849nr020,Kz5h,28,,
U4849nr021,Kz5h,28,,
U4849nr022,Kz5h,28,,
U4849nr023,Kz5h,28,,
U4849nr024,Kz5h,28,,
U4849nr123,Kz5h,28,,
U4849nr124,Kz5h,28,,
U4849nr125,Kz5h,28,,
U4849nr131,Kz5h,28,,
U4849nr132,Kz5h,28,,
U4849nr133,Kz5h,28,,
U4849nr134,Kz5h,28,,
U4849nr135,Kz5h,28,,
U4849nr163,Kz5h,28,,
U49Onr106,Kz5h,28,,
U5354nr135,Kz5h,28,,
U5354nr136,Kz5h,28,,
U5354nr138,Kz5h,28,,
U5354nr144,Kz5h,28,,
U5354nr145,Kz5h,28,,
U5455nr002,Kz5h,28,,
U5455nr117,Kz5h,28,,
U5455nr118,Kz5h,28,,
U5455nr120,Kz5h,28,,
U5455nr127,Kz5h,28,,
U5455nr128,Kz5h,28,,
U5455nr137,Kz5h,28,,
U5960nr001,Kz5h,28,,
uMn15A,Kz5h,28,,
uMn15AF,Kz5h,28,,
uMn15Av,Kz5h,28,,
uMn15AvF,Kz5h,28,,
zgMn15C,Kz5h,28,,
zMn15A,Kz5h,28,,
zMo10A,Kz5h,28,,
zRn15C,Kz5h,28,,
eMn35Ap,Kk5hz,29,,
eMn35Awp,Kk5hz,29,,
Mn35Ap,Kk5hz,29,,
Mn35AwpG,Kk5hz,29,,
Mn85Clwp,Kk5hz,29,,
Mn85Cp,Kk5hz,29,,
Mn85Cwp,Kk5hz,29,,
Rd90Cg,Kk5hz,29,,
Rd90Cp,Kk5hz,29,,
U0708nr103,Kk5hz,29,,
U0708nr106,Kk5hz,29,,
U31Onr009,Kk5hz,29,,
U31Onr010,Kk5hz,29,,
U31Onr011,Kk5hz,29,,
U31Onr111,Kk5hz,29,,
U38Wnr122,Kk5hz,29,,
AEm8,Kk5h,30,,
AEm9A,Kk5h,30,,
AEp7A,Kk5h,30,,
AZW8A,Kk5h,30,,
AZW8Al,Kk5h,30,,
AZW8Alw,Kk5h,30,,
bMn35A,Kk5h,30,,
bMn85C,Kk5h,30,,
EK79,Kk5h,30,,
EK79v,Kk5h,30,,
EK79w,Kk5h,30,,
eMn35A,Kk5h,30,,
eMn35Av,Kk5h,30,,
eMo80A,Kk5h,30,,
eMo80C,Kk5h,30,,
eMo80Cv,Kk5h,30,,
eMOb75,Kk5h,30,,
epMn85A,Kk5h,30,,
epMo80,Kk5h,30,,
eRn45A,Kk5h,30,,
eRn95A,Kk5h,30,,
eRn95Av,Kk5h,30,,
eRo40A,Kk5h,30,,
fRn95C,Kk5h,30,,
gMn85C,Kk5h,30,,
gMn85CF,Kk5h,30,,
gMn85CG,Kk5h,30,,
gMn85Cv,Kk5h,30,,
gMn85Cwl,Kk5h,30,,
hRd90A,Kk5h,30,,
Mn35A,Kk5h,30,,
Mn35AE,Kk5h,30,,
Mn35AF,Kk5h,30,,
Mn35AG,Kk5h,30,,
Mn35AH,Kk5h,30,,
Mn35Av,Kk5h,30,,
Mn35AvE,Kk5h,30,,
Mn35AvF,Kk5h,30,,
Mn35AvG,Kk5h,30,,
Mn35Aw,Kk5h,30,,
Mn35Awp,Kk5h,30,,
Mn35Ax,Kk5h,30,,
Mn85C,Kk5h,30,,
Mn85CF,Kk5h,30,,
Mn85CG,Kk5h,30,,
Mn85CH,Kk5h,30,,
Mn85Cv,Kk5h,30,,
Mn85Cw,Kk5h,30,,
Mo80Av,Kk5h,30,,
Mo80C,Kk5h,30,,
Mo80CF,Kk5h,30,,
Mo80CG,Kk5h,30,,
Mo80Cl,Kk5h,30,,
Mo80Cv,Kk5h,30,,
Mo80CvF,Kk5h,30,,
Mo80CvG,Kk5h,30,,
Mo80Cvl,Kk5h,30,,
MOb75,Kk5h,30,,
nMo10Av,Kk5h,30,,
nMo80A,Kk5h,30,,
npMo80lE,Kk5h,30,,
pMn85A,Kk5h,30,,
pMn85AE,Kk5h,30,,
pMn85AF,Kk5h,30,,
pMn85Aw,Kk5h,30,,
pMn85C,Kk5h,30,,
pMn85Cv,Kk5h,30,,
pMo80,Kk5h,30,,
pMo80E,Kk5h,30,,
pMo80F,Kk5h,30,,
pMo80G,Kk5h,30,,
pMo80l,Kk5h,30,,
pMo80lF,Kk5h,30,,
pMo80v,Kk5h,30,,
pRn89v,Kk5h,30,,
Rd90A,Kk5h,30,,
Rd90AF,Kk5h,30,,
Rd90AG,Kk5h,30,,
Rd90C,Kk5h,30,,
Rd90CF,Kk5h,30,,
Rd90CG,Kk5h,30,,
Rd90Cm,Kk5h,30,,
Rn95A,Kk5h,30,,
Rn95AE,Kk5h,30,,
Rn95AF,Kk5h,30,,
Rn95AG,Kk5h,30,,
Rn95Av,Kk5h,30,,
Rn95C,Kk5h,30,,
Rn95Cg,Kk5h,30,,
Rn95CG,Kk5h,30,,
Rn95Cm,Kk5h,30,,
Rn95Cp,Kk5h,30,,
Ro40A,Kk5h,30,,
Ro40Av,Kk5h,30,,
Ro40C,Kk5h,30,,
Ro40CG,Kk5h,30,,
Ro40Cv,Kk5h,30,,
Ro40Cw,Kk5h,30,,
Ro60A,Kk5h,30,,
Ro60C,Kk5h,30,,
Ro60CG,Kk5h,30,,
ROb75,Kk5h,30,,
U0708nr102,Kk5h,30,,
U0708nr104,Kk5h,30,,
U0708nr105,Kk5h,30,,
U0708nr107,Kk5h,30,,
U07Wnr002,Kk5h,30,,
U07Wnr003,Kk5h,30,,
U07Wnr008,Kk5h,30,,
U1318nr103,Kk5h,30,,
U1318nr104,Kk5h,30,,
U1419nr001,Kk5h,30,,
U1419nr002,Kk5h,30,,
U1419nr134,Kk5h,30,,
U1419nr148,Kk5h,30,,
U1419nr151,Kk5h,30,,
U1419nr152,Kk5h,30,,
U1419nr153,Kk5h,30,,
U1920nr001,Kk5h,30,,
U1920nr002,Kk5h,30,,
U1920nr003,Kk5h,30,,
U1920nr016,Kk5h,30,,
U1920nr017,Kk5h,30,,
U1920nr018,Kk5h,30,,
U1920nr019,Kk5h,30,,
U1920nr020,Kk5h,30,,
U1920nr021,Kk5h,30,,
U1920nr022,Kk5h,30,,
U1920nr101,Kk5h,30,,
U1920nr102,Kk5h,30,,
U1920nr103,Kk5h,30,,
U1920nr140,Kk5h,30,,
U1920nr141,Kk5h,30,,
U1920nr143,Kk5h,30,,
U1920nr146,Kk5h,30,,
U1920nr147,Kk5h,30,,
U1920nr148,Kk5h,30,,
U1920nr149,Kk5h,30,,
U1920nr151,Kk5h,30,,
U1920nr152,Kk5h,30,,
U1920nr153,Kk5h,30,,
U2021nr116,Kk5h,30,,
U2425nr115,Kk5h,30,,
U25Onr006,Kk5h,30,,
U2632nr009,Kk5h,30,,
U27ORnr050,Kk5h,30,,
U27ORnr053,Kk5h,30,,
U30Tnr005,Kk5h,30,,
U30Tnr006,Kk5h,30,,
U30Tnr107,Kk5h,30,,
U30Tnr108,Kk5h,30,,
U30Tnr119,Kk5h,30,,
U30Tnr120,Kk5h,30,,
U30Tnr121,Kk5h,30,,
U30Tnr122,Kk5h,30,,
U31Onr004,Kk5h,30,,
U31Onr006,Kk5h,30,,
U31Onr007,Kk5h,30,,
U31Onr008,Kk5h,30,,
U31Onr016,Kk5h,30,,
U31Wnr006,Kk5h,30,,
U31Wnr114,Kk5h,30,,
U31Wnr117,Kk5h,30,,
U31Wnr121,Kk5h,30,,
U31Wnr122,Kk5h,30,,
U31Wnr123,Kk5h,30,,
U37Onr008,Kk5h,30,,
U37Onr009,Kk5h,30,,
U37Onr015,Kk5h,30,,
U37Onr016,Kk5h,30,,
U37Onr017,Kk5h,30,,
U37Onr018,Kk5h,30,,
U37Onr019,Kk5h,30,,
U37Onr022,Kk5h,30,,
U37Onr023,Kk5h,30,,
U37Onr124,Kk5h,30,,
U37Onr132,Kk5h,30,,
U37Onr137,Kk5h,30,,
U37Onr138,Kk5h,30,,
U37Wnr014,Kk5h,30,,
U37Wnr015,Kk5h,30,,
U37Wnr021,Kk5h,30,,
U37Wnr022,Kk5h,30,,
U37Wnr023,Kk5h,30,,
U37Wnr024,Kk5h,30,,
U37Wnr109,Kk5h,30,,
U37Wnr111,Kk5h,30,,
U37Wnr117,Kk5h,30,,
U38Wnr117,Kk5h,30,,
U40Tnr007,Kk5h,30,,
U40Tnr107,Kk5h,30,,
U4248nr001,Kk5h,30,,
U4248nr002,Kk5h,30,,
U4248nr003,Kk5h,30,,
U43Onr002,Kk5h,30,,
U43Onr003,Kk5h,30,,
U43Onr115,Kk5h,30,,
U43Onr127,Kk5h,30,,
U44Wnr108,Kk5h,30,,
U4849nr004,Kk5h,30,,
U4849nr005,Kk5h,30,,
U4849nr006,Kk5h,30,,
U4849nr007,Kk5h,30,,
U4849nr008,Kk5h,30,,
U4849nr009,Kk5h,30,,
U4849nr025,Kk5h,30,,
U4849nr026,Kk5h,30,,
U4849nr027,Kk5h,30,,
U4849nr164,Kk5h,30,,
U5354nr146,Kk5h,30,,
U5354nr147,Kk5h,30,,
U5354nr148,Kk5h,30,,
U5455nr001,Kk5h,30,,
U5455nr135,Kk5h,30,,
AS,Z1a,35,,
ASF,Z1a,35,,
AZ1,Z1a,35,,
AZW0A,Z1a,35,,
AZW0AF,Z1a,35,,
AZW0Al,Z1a,35,,
AZW0Av,Z1a,35,,
fZn21,Z1a,35,,
fZn21F,Z1a,35,,
hZd20A,Z1a,35,,
MZz|B,Z1a,35,,
MZz|BC,Z1a,35,,
MZz|C,Z1a,35,,
MZz|D,Z1a,35,,
MZz|DE,Z1a,35,,
MZz|E,Z1a,35,,
MZz|EF,Z1a,35,,
nZn21,Z1a,35,,
nZn40A,Z1a,35,,
nZn40AG,Z1a,35,,
nZn50A,Z1a,35,,
nZn50Ab,Z1a,35,,
U0102nr001,Z1a,35,,
U0102nr002,Z1a,35,,
U0102nr003,Z1a,35,,
U0102nr004,Z1a,35,,
U0102nr005,Z1a,35,,
U0102nr006,Z1a,35,,
U0102nr101,Z1a,35,,
U0102nr102,Z1a,35,,
U0102nr103,Z1a,35,,
U0102nr104,Z1a,35,,
U0102nr105,Z1a,35,,
U0102nr106,Z1a,35,,
U0102nr107,Z1a,35,,
U0102nr108,Z1a,35,,
U0102nr109,Z1a,35,,
U0102nr110,Z1a,35,,
U0102nr111,Z1a,35,,
U0102nr112,Z1a,35,,
U01Wnr001,Z1a,35,,
U01Wnr002,Z1a,35,,
U01Wnr003,Z1a,35,,
U01Wnr004,Z1a,35,,
U01Wnr005,Z1a,35,,
U01Wnr006,Z1a,35,,
U01Wnr007,Z1a,35,,
U01Wnr104,Z1a,35,,
U01Wnr105,Z1a,35,,
U01Wnr106,Z1a,35,,
U01Wnr107,Z1a,35,,
U01Wnr108,Z1a,35,,
U01Wnr109,Z1a,35,,
U01Wnr110,Z1a,35,,
U01Wnr111,Z1a,35,,
U01Wnr112,Z1a,35,,
U01Wnr113,Z1a,35,,
U02Onr001,Z1a,35,,
U02Onr002,Z1a,35,,
U02Onr003,Z1a,35,,
U02Onr005,Z1a,35,,
U02Onr006,Z1a,35,,
U02Onr007,Z1a,35,,
U02Onr008,Z1a,35,,
U02Onr101,Z1a,35,,
U02Onr102,Z1a,35,,
U02Onr103,Z1a,35,,
U02Onr104,Z1a,35,,
U02Onr105,Z1a,35,,
U02Onr106,Z1a,35,,
U04Tnr001,Z1a,35,,
U04Tnr002,Z1a,35,,
U04Tnr101,Z1a,35,,
U04Tnr102,Z1a,35,,
U04Tnr103,Z1a,35,,
U04Tnr104,Z1a,35,,
U04Tnr105,Z1a,35,,
U09Tnr006,Z1a,35,,
U09Tnr007,Z1a,35,,
U09Tnr106,Z1a,35,,
U09Tnr107,Z1a,35,,
U09Tnr108,Z1a,35,,
U09Tnr109,Z1a,35,,
U11Onr019,Z1a,35,,
U12ORnr125,Z1a,35,,
U12ORnr128,Z1a,35,,
U12ORnr129,Z1a,35,,
U12Wnr111,Z1a,35,,
U1419nr005,Z1a,35,,
U1419nr006,Z1a,35,,
U1419nr168,Z1a,35,,
U1419nr169,Z1a,35,,
U1419nr170,Z1a,35,,
U1419nr172,Z1a,35,,
U1419nr173,Z1a,35,,
U1419nr174,Z1a,35,,
U1419nr176,Z1a,35,,
U1419nr177,Z1a,35,,
U1617nr001,Z1a,35,,
U1617nr002,Z1a,35,,
U1617nr003,Z1a,35,,
U1617nr004,Z1a,35,,
U1617nr005,Z1a,35,,
U1617nr006,Z1a,35,,
U1617nr007,Z1a,35,,
U1617nr108,Z1a,35,,
U1617nr109,Z1a,35,,
U1617nr110,Z1a,35,,
U1617nr111,Z1a,35,,
U17ORnr122,Z1a,35,,
U17ORnr123,Z1a,35,,
U22Tnr046,Z1a,35,,
U22Tnr047,Z1a,35,,
U22Tnr048,Z1a,35,,
U22Tnr049,Z1a,35,,
U2425nr002,Z1a,35,,
U2425nr003,Z1a,35,,
U2425nr119,Z1a,35,,
U2425nr120,Z1a,35,,
U2425nr121,Z1a,35,,
U2425nr122,Z1a,35,,
U2425nr123,Z1a,35,,
U25Onr106,Z1a,35,,
U2627nr111,Z1a,35,,
U2632nr113,Z1a,35,,
U2632nr114,Z1a,35,,
U27ORnr120,Z1a,35,,
U28Wnr010,Z1a,35,,
U30Tnr009,Z1a,35,,
U30Tnr010,Z1a,35,,
U30Tnr011,Z1a,35,,
U30Tnr131,Z1a,35,,
U30Tnr132,Z1a,35,,
U30Tnr133,Z1a,35,,
U32ORnr005,Z1a,35,,
U32ORnr006,Z1a,35,,
U32ORnr007,Z1a,35,,
U32ORnr008,Z1a,35,,
U32ORnr016,Z1a,35,,
U32ORnr017,Z1a,35,,
U32ORnr018,Z1a,35,,
U32ORnr019,Z1a,35,,
U32ORnr123,Z1a,35,,
U32ORnr124,Z1a,35,,
U32ORnr125,Z1a,35,,
U32ORnr126,Z1a,35,,
U32ORnr127,Z1a,35,,
U32ORnr129,Z1a,35,,
U33Tnr017,Z1a,35,,
U33Tnr018,Z1a,35,,
U3435nr002,Z1a,35,,
U36Onr002,Z1a,35,,
U36Onr003,Z1a,35,,
U36Onr004,Z1a,35,,
U36Onr005,Z1a,35,,
U36Onr111,Z1a,35,,
U36Onr112,Z1a,35,,
U37Wnr027,Z1a,35,,
U37Wnr030,Z1a,35,,
U37Wnr031,Z1a,35,,
U37Wnr032,Z1a,35,,
U37Wnr127,Z1a,35,,
U37Wnr128,Z1a,35,,
U37Wnr129,Z1a,35,,
U38Wnr126,Z1a,35,,
U39Tnr109,Z1a,35,,
U4248nr007,Z1a,35,,
U4248nr008,Z1a,35,,
U4248nr009,Z1a,35,,
U4248nr010,Z1a,35,,
U4248nr011,Z1a,35,,
U4248nr129,Z1a,35,,
U4248nr130,Z1a,35,,
U4248nr131,Z1a,35,,
U4248nr132,Z1a,35,,
U4248nr133,Z1a,35,,
U4248nr134,Z1a,35,,
U44Onr119,Z1a,35,,
U4546nr023,Z1a,35,,
U4546nr128,Z1a,35,,
U4546nr129,Z1a,35,,
U4849nr030,Z1a,35,,
U4849nr031,Z1a,35,,
U4849nr032,Z1a,35,,
U4849nr169,Z1a,35,,
U4849nr170,Z1a,35,,
U51Onr110,Z1a,35,,
U52Onr108,Z1a,35,,
U52Wnr010,Z1a,35,,
U5354nr001,Z1a,35,,
U5354nr002,Z1a,35,,
U5455nr003,Z1a,35,,
U5455nr004,Z1a,35,,
U5758nr012,Z1a,35,,
U5758nr117,Z1a,35,,
U5758nr118,Z1a,35,,
U58Onr104,Z1a,35,,
uZn10A,Z1a,35,,
uZn10Ap,Z1a,35,,
uZn10Aw,Z1a,35,,
uZn50A,Z1a,35,,
Zd20A,Z1a,35,,
Zd20Ab,Z1a,35,,
Zd21,Z1a,35,,
Zd21|B,Z1a,35,,
Zd21|C,Z1a,35,,
Zd21E,Z1a,35,,
Zd21F,Z1a,35,,
Zd21G,Z1a,35,,
Zn10A,Z1a,35,,
Zn10Ap,Z1a,35,,
Zn10Av,Z1a,35,,
Zn10Aw,Z1a,35,,
Zn10Awp,Z1a,35,,
Zn10AwpF,Z1a,35,,
Zn21,Z1a,35,,
Zn21E,Z1a,35,,
Zn21F,Z1a,35,,
Zn21G,Z1a,35,,
Zn21H,Z1a,35,,
Zn21p,Z1a,35,,
Zn21r,Z1a,35,,
Zn21rF,Z1a,35,,
Zn21v,Z1a,35,,
Zn21vH,Z1a,35,,
Zn21w,Z1a,35,,
Zn21wG,Z1a,35,,
Zn40A,Z1a,35,,
Zn40AE,Z1a,35,,
Zn40AF,Z1a,35,,
Zn40AG,Z1a,35,,
Zn40AH,Z1a,35,,
Zn40Ap,Z1a,35,,
Zn40Ar,Z1a,35,,
Zn40ArF,Z1a,35,,
Zn40Av,Z1a,35,,
Zn50A,Z1a,35,,
Zn50Ab,Z1a,35,,
Zn50AbE,Z1a,35,,
Zn50AE,Z1a,35,,
Zn50AF,Z1a,35,,
Zn50AG,Z1a,35,,
Zn50AH,Z1a,35,,
Zn50Ap,Z1a,35,,
Zn50Ar,Z1a,35,,
Zn50ArF,Z1a,35,,
Zn50Aw,Z1a,35,,
fZn23,Z1b,36,,
fZn23F,Z1b,36,,
U21Onr103,Z1b,36,,
U21Onr104,Z1b,36,,
U32ORnr021,Z1b,36,,
U32ORnr022,Z1b,36,,
U32ORnr023,Z1b,36,,
Zd23,Z1b,36,,
Zn23,Z1b,36,,
Zn23F,Z1b,36,,
Zn23G,Z1b,36,,
Zn23H,Z1b,36,,
Zn23p,Z1b,36,,
Zn23r,Z1b,36,,
FKk|B,Z2a,37,,
U1419nr164,Z2a,37,,
U1419nr165,Z2a,37,,
U1419nr166,Z2a,37,,
U1419nr167,Z2a,37,,
U15Tnr107,Z2a,37,,
U2021nr117,Z2a,37,,
U2021nr118,Z2a,37,,
U37Wnr028,Z2a,37,,
U37Wnr029,Z2a,37,,
U4546nr130,Z2a,37,,
U52Onr109,Z2a,37,,
Zd30,Z2a,37,,
Zd30A,Z2a,37,,
Zn30,Z2a,37,,
Zn30A,Z2a,37,,
Zn30Ab,Z2a,37,,
Zn30AF,Z2a,37,,
Zn30AG,Z2a,37,,
Zn30AH,Z2a,37,,
Zn30Ar,Z2a,37,,
Zn30ArF,Z2a,37,,
Zn30F,Z2a,37,,
Zn30G,Z2a,37,,
Zn30r,Z2a,37,,
Zn30rF,Z2a,37,,
Zn30rG,Z2a,37,,
Zn30v,Z2a,37,,
fpZg21,tZ1a,39,,
fpZn21,tZ1a,39,,
pZg20A,tZ1a,39,,
pZg20Ar,tZ1a,39,,
pZg21,tZ1a,39,,
pZg21F,tZ1a,39,,
pZg21G,tZ1a,39,,
pZg21r,tZ1a,39,,
pZg21w,tZ1a,39,,
pZn21,tZ1a,39,,
pZn21E,tZ1a,39,,
pZn21F,tZ1a,39,,
pZn21G,tZ1a,39,,
pZn21v,tZ1a,39,,
tZd21,tZ1a,39,,
tZd21G,tZ1a,39,,
tZd21v,tZ1a,39,,
U21Onr112,tZ1a,39,,
U2627nr020,tZ1a,39,,
U27ORnr054,tZ1a,39,,
U27ORnr118,tZ1a,39,,
U27ORnr119,tZ1a,39,,
U32ORnr034,tZ1a,39,,
U32ORnr035,tZ1a,39,,
U32ORnr036,tZ1a,39,,
U37Wnr025,tZ1a,39,,
U37Wnr026,tZ1a,39,,
U37Wnr118,tZ1a,39,,
U37Wnr119,tZ1a,39,,
U37Wnr120,tZ1a,39,,
U37Wnr121,tZ1a,39,,
U37Wnr122,tZ1a,39,,
U39Tnr004,tZ1a,39,,
U4546nr016,tZ1a,39,,
U51Onr005,tZ1a,39,,
U5657nr004,tZ1a,39,,
U5758nr009,tZ1a,39,,
U5960nr107,tZ1a,39,,
Zb20A,tZ1a,39,,
Zb21,tZ1a,39,,
Zb21G,tZ1a,39,,
ABz,tZ1b,40,,
AFz,tZ1b,40,,
fAFz,tZ1b,40,,
fAFzF,tZ1b,40,,
fpZg23,tZ1b,40,,
fpZg23E,tZ1b,40,,
fpZg23F,tZ1b,40,,
pZg23,tZ1b,40,,
pZg23E,tZ1b,40,,
pZg23F,tZ1b,40,,
pZg23G,tZ1b,40,,
pZg23H,tZ1b,40,,
pZg23r,tZ1b,40,,
pZg23w,tZ1b,40,,
pZn23,tZ1b,40,,
pZn23E,tZ1b,40,,
pZn23F,tZ1b,40,,
pZn23G,tZ1b,40,,
pZn23v,tZ1b,40,,
pZn23w,tZ1b,40,,
tZd23,tZ1b,40,,
U12ORnr114,tZ1b,40,,
U12ORnr115,tZ1b,40,,
U17ORnr114,tZ1b,40,,
U21Onr004,tZ1b,40,,
U22Tnr014,tZ1b,40,,
U22Tnr015,tZ1b,40,,
U22Tnr016,tZ1b,40,,
U22Tnr017,tZ1b,40,,
U22Tnr018,tZ1b,40,,
U22Tnr019,tZ1b,40,,
U22Tnr020,tZ1b,40,,
U22Tnr021,tZ1b,40,,
U22Tnr022,tZ1b,40,,
U22Tnr023,tZ1b,40,,
U22Tnr024,tZ1b,40,,
U22Tnr035,tZ1b,40,,
U22Tnr037,tZ1b,40,,
U2632nr007,tZ1b,40,,
U27ORnr047,tZ1b,40,,
U27ORnr048,tZ1b,40,,
U32ORnr031,tZ1b,40,,
U32ORnr032,tZ1b,40,,
U32ORnr033,tZ1b,40,,
U32ORnr147,tZ1b,40,,
U32ORnr148,tZ1b,40,,
U32ORnr149,tZ1b,40,,
U32ORnr150,tZ1b,40,,
U32ORnr151,tZ1b,40,,
U3435nr019,tZ1b,40,,
U3435nr020,tZ1b,40,,
U3435nr105,tZ1b,40,,
U3435nr106,tZ1b,40,,
U39Tnr003,tZ1b,40,,
U41Tnr103,tZ1b,40,,
U41Tnr104,tZ1b,40,,
U45WRnr104,tZ1b,40,,
U45WRnr105,tZ1b,40,,
U45WRnr106,tZ1b,40,,
U45WRnr107,tZ1b,40,,
U49Onr001,tZ1b,40,,
U5051nr117,tZ1b,40,,
U5051nr118,tZ1b,40,,
U50WRnr001,tZ1b,40,,
U5960nr108,tZ1b,40,,
Zb23,tZ1b,40,,
zpZn23w,tZ1b,40,,
pZg30,tZ2a,41,,
pZg30G,tZ2a,41,,
pZg30p,tZ2a,41,,
pZg30r,tZ2a,41,,
pZg30rF,tZ2a,41,,
pZn30,tZ2a,41,,
pZn30G,tZ2a,41,,
pZn30r,tZ2a,41,,
pZn30w,tZ2a,41,,
U2632nr008,tZ2a,41,,
U4546nr019,tZ2a,41,,
Zb30,tZ2a,41,,
Zb30A,tZ2a,41,,
Zb30G,tZ2a,41,,
cZd21,cZ1a,43,,
cZd21g,cZ1a,43,,
cZd23,cZ1b,44,,
cZd30,cZ2a,45,,
gcZd30,cZ2a,45,,
gcZd30F,cZ2a,45,,
bEZ21,EZ1a,47,,
bEZ21g,EZ1a,47,,
bEZ21G,EZ1a,47,,
bEZ21x,EZ1a,47,,
EZ50A,EZ1a,47,,
EZ50AG,EZ1a,47,,
EZ50Av,EZ1a,47,,
EZg21,EZ1a,47,,
EZg21g,EZ1a,47,,
EZg21G,EZ1a,47,,
EZg21v,EZ1a,47,,
EZg21w,EZ1a,47,,
gbEZ21,EZ1a,47,,
gzEZ21,EZ1a,47,,
U1419nr101,EZ1a,47,,
U1419nr103,EZ1a,47,,
U22Tnr006,EZ1a,47,,
U2425nr102,EZ1a,47,,
U2425nr103,EZ1a,47,,
U2425nr104,EZ1a,47,,
U2627nr001,EZ1a,47,,
U2632nr003,EZ1a,47,,
U2632nr105,EZ1a,47,,
U27ORnr055,EZ1a,47,,
U27ORnr121,EZ1a,47,,
U28Wnr001,EZ1a,47,,
U30Tnr101,EZ1a,47,,
U30Tnr102,EZ1a,47,,
U31Onr114,EZ1a,47,,
U32ORnr037,EZ1a,47,,
U32ORnr038,EZ1a,47,,
U32ORnr039,EZ1a,47,,
U32ORnr152,EZ1a,47,,
U32ORnr153,EZ1a,47,,
U3435nr021,EZ1a,47,,
U39Tnr101,EZ1a,47,,
U39Tnr108,EZ1a,47,,
U44Onr101,EZ1a,47,,
U44Onr102,EZ1a,47,,
U4546nr021,EZ1a,47,,
U4546nr022,EZ1a,47,,
U4546nr101,EZ1a,47,,
U4546nr104,EZ1a,47,,
U4546nr126,EZ1a,47,,
U4546nr127,EZ1a,47,,
U45WRnr101,EZ1a,47,,
U45WRnr102,EZ1a,47,,
U51Onr008,EZ1a,47,,
zEZ21,EZ1a,47,,
zEZ21F,EZ1a,47,,
zEZ21g,EZ1a,47,,
zEZ21G,EZ1a,47,,
zEZ21gG,EZ1a,47,,
zEZ21t,EZ1a,47,,
zEZ21w,EZ1a,47,,
zEZ21x,EZ1a,47,,
bEZ23,EZ1b,48,,
bEZ23g,EZ1b,48,,
bEZ23G,EZ1b,48,,
bEZ23t,EZ1b,48,,
bEZ23x,EZ1b,48,,
EZg23,EZ1b,48,,
EZg23g,EZ1b,48,,
EZg23t,EZ1b,48,,
EZg23tw,EZ1b,48,,
EZg23w,EZ1b,48,,
EZg23wg,EZ1b,48,,
EZg23wt,EZ1b,48,,
gzEZ23,EZ1b,48,,
U22Tnr007,EZ1b,48,,
U22Tnr045,EZ1b,48,,
U2425nr105,EZ1b,48,,
U27ORnr028,EZ1b,48,,
U32ORnr024,EZ1b,48,,
U32ORnr025,EZ1b,48,,
U32ORnr041,EZ1b,48,,
U32ORnr042,EZ1b,48,,
U32ORnr043,EZ1b,48,,
U32ORnr136,EZ1b,48,,
U3435nr005,EZ1b,48,,
U3435nr022,EZ1b,48,,
U3435nr101,EZ1b,48,,
U43Onr005,EZ1b,48,,
U43Onr006,EZ1b,48,,
U4546nr105,EZ1b,48,,
U5051nr006,EZ1b,48,,
U5051nr007,EZ1b,48,,
U5051nr008,EZ1b,48,,
U5051nr102,EZ1b,48,,
U5051nr120,EZ1b,48,,
U5051nr121,EZ1b,48,,
U50WRnr113,EZ1b,48,,
U50WRnr114,EZ1b,48,,
U50WRnr115,EZ1b,48,,
U50WRnr127,EZ1b,48,,
U51Onr101,EZ1b,48,,
U5354nr153,EZ1b,48,,
U5455nr138,EZ1b,48,,
zEZ23,EZ1b,48,,
zEZ23g,EZ1b,48,,
zEZ23G,EZ1b,48,,
zEZ23t,EZ1b,48,,
zEZ23w,EZ1b,48,,
zEZ23x,EZ1b,48,,
bEZ30,EZ2a,49,,
bEZ30x,EZ2a,49,,
EZg30,EZ2a,49,,
EZg30g,EZ2a,49,,
EZg30v,EZ2a,49,,
gbEZ30,EZ2a,49,,
gzEZ30,EZ2a,49,,
zEZ30,EZ2a,49,,
zEZ30g,EZ2a,49,,
zEZ30G,EZ2a,49,,
zEZ30x,EZ2a,49,,
fkZn30,KZ2,55,,
kgpZg30,KZ2,55,,
kHn30,KZ2,55,,
kZn30,KZ2,55,,
kZn30A,KZ2,55,,
kZn30AF,KZ2,55,,
kZn30AG,KZ2,55,,
kZn30Ar,KZ2,55,,
kZn30ArF,KZ2,55,,
kZn30G,KZ2,55,,
kZn30H,KZ2,55,,
kZn30x,KZ2,55,,
U40Tnr105,KZ2,55,,
fkpZg23,KZ1,56,,
fkpZg23g,KZ1,56,,
fkpZg23t,KZ1,56,,
fkZn21,KZ1,56,,
fkZn23,KZ1,56,,
fkZn23g,KZ1,56,,
kcHn21,KZ1,56,,
kHn21,KZ1,56,,
kHn21F,KZ1,56,,
kHn21g,KZ1,56,,
kHn21G,KZ1,56,,
kHn21x,KZ1,56,,
kHn23,KZ1,56,,
kHn23x,KZ1,56,,
kpZg20A,KZ1,56,,
kpZg21,KZ1,56,,
kpZg21F,KZ1,56,,
kpZg21g,KZ1,56,,
kpZg23,KZ1,56,,
kpZg23F,KZ1,56,,
kpZg23g,KZ1,56,,
kpZg23t,KZ1,56,,
kpZg23x,KZ1,56,,
kpZn21,KZ1,56,,
kpZn21g,KZ1,56,,
kpZn21H,KZ1,56,,
kpZn23,KZ1,56,,
kpZn23x,KZ1,56,,
kSn13A,KZ1,56,,
kSn13AF,KZ1,56,,
kSn13AH,KZ1,56,,
kSn13Av,KZ1,56,,
kSn13Aw,KZ1,56,,
kSn14A,KZ1,56,,
kSn14Ap,KZ1,56,,
kSn14Av,KZ1,56,,
kSn14Aw,KZ1,56,,
kSn14Awp,KZ1,56,,
kZb21,KZ1,56,,
kZb23,KZ1,56,,
kZn10A,KZ1,56,,
kZn10AF,KZ1,56,,
kZn10Av,KZ1,56,,
kZn21,KZ1,56,,
kZn21F,KZ1,56,,
kZn21g,KZ1,56,,
kZn21p,KZ1,56,,
kZn21pE,KZ1,56,,
kZn21r,KZ1,56,,
kZn21w,KZ1,56,,
kZn21x,KZ1,56,,
kZn23,KZ1,56,,
kZn40A,KZ1,56,,
kZn40AF,KZ1,56,,
kZn40AG,KZ1,56,,
kZn40AH,KZ1,56,,
kZn40Ap,KZ1,56,,
kZn40Av,KZ1,56,,
kZn50A,KZ1,56,,
kZn50AF,KZ1,56,,
kZn50AH,KZ1,56,,
kZn50Ap,KZ1,56,,
kZn50ApF,KZ1,56,,
kZn50Ar,KZ1,56,,
nkZn21,KZ1,56,,
nkZn50A,KZ1,56,,
nkZn50Ab,KZ1,56,,
U02Onr004,KZ1,56,,
U09Tnr104,KZ1,56,,
U1419nr109,KZ1,56,,
U1419nr111,KZ1,56,,
U15Tnr003,KZ1,56,,
U15Tnr004,KZ1,56,,
U15Tnr005,KZ1,56,,
U15Tnr006,KZ1,56,,
U15Tnr007,KZ1,56,,
U15Tnr008,KZ1,56,,
U15Tnr009,KZ1,56,,
U15Tnr010,KZ1,56,,
U2021nr004,KZ1,56,,
U2021nr005,KZ1,56,,
U2021nr102,KZ1,56,,
U2021nr107,KZ1,56,,
U2021nr108,KZ1,56,,
U2021nr109,KZ1,56,,
U21Onr101,KZ1,56,,
U21Onr102,KZ1,56,,
U2425nr111,KZ1,56,,
U2627nr014,KZ1,56,,
U2627nr015,KZ1,56,,
U2627nr016,KZ1,56,,
U2627nr017,KZ1,56,,
U27ORnr036,KZ1,56,,
U27ORnr044,KZ1,56,,
U27ORnr045,KZ1,56,,
U27ORnr046,KZ1,56,,
U27ORnr106,KZ1,56,,
U27ORnr107,KZ1,56,,
U33Tnr004,KZ1,56,,
U33Tnr005,KZ1,56,,
U33Tnr015,KZ1,56,,
U33Tnr016,KZ1,56,,
U3435nr008,KZ1,56,,
U3435nr017,KZ1,56,,
U3435nr018,KZ1,56,,
U40Tnr002,KZ1,56,,
U40Tnr004,KZ1,56,,
U4248nr005,KZ1,56,,
U4248nr102,KZ1,56,,
U4248nr103,KZ1,56,,
U4248nr104,KZ1,56,,
U43Onr106,KZ1,56,,
U43Onr107,KZ1,56,,
U43Wnr103,KZ1,56,,
U43Wnr104,KZ1,56,,
U43Wnr105,KZ1,56,,
U43Wnr106,KZ1,56,,
U43Wnr107,KZ1,56,,
U43Wnr108,KZ1,56,,
U44Wnr002,KZ1,56,,
U44Wnr125,KZ1,56,,
U4546nr014,KZ1,56,,
U4849nr016,KZ1,56,,
U4849nr017,KZ1,56,,
U4849nr018,KZ1,56,,
U4849nr106,KZ1,56,,
U4849nr107,KZ1,56,,
U4849nr108,KZ1,56,,
U4849nr109,KZ1,56,,
U4849nr110,KZ1,56,,
U4849nr111,KZ1,56,,
U4849nr112,KZ1,56,,
U4849nr113,KZ1,56,,
U4849nr114,KZ1,56,,
U5051nr115,KZ1,56,,
U5051nr116,KZ1,56,,
U51Onr004,KZ1,56,,
U5354nr107,KZ1,56,,
U5354nr108,KZ1,56,,
U5354nr109,KZ1,56,,
U5354nr110,KZ1,56,,
U5354nr111,KZ1,56,,
U5354nr112,KZ1,56,,
U5354nr113,KZ1,56,,
U5354nr114,KZ1,56,,
U5354nr115,KZ1,56,,
U5354nr116,KZ1,56,,
U5354nr117,KZ1,56,,
U5354nr118,KZ1,56,,
U5354nr119,KZ1,56,,
U5354nr120,KZ1,56,,
U5354nr121,KZ1,56,,
U5354nr122,KZ1,56,,
U5354nr123,KZ1,56,,
U5354nr124,KZ1,56,,
U5354nr125,KZ1,56,,
U5455nr104,KZ1,56,,
U5455nr105,KZ1,56,,
U5455nr106,KZ1,56,,
U5455nr107,KZ1,56,,
U5455nr110,KZ1,56,,
U5455nr111,KZ1,56,,
U5455nr112,KZ1,56,,
U5455nr113,KZ1,56,,
nSn13A,SZ,57,,
nSn13Av,SZ,57,,
Sn13A,SZ,57,,
Sn13AF,SZ,57,,
Sn13AH,SZ,57,,
Sn13Ap,SZ,57,,
Sn13Av,SZ,57,,
Sn13Aw,SZ,57,,
Sn13Awp,SZ,57,,
Sn14AE,SZ,57,,
Sn14AF,SZ,57,,
Sn14Ap,SZ,57,,
Sn14ApF,SZ,57,,
Sn14Av,SZ,57,,
U15Tnr025,SZ,57,,
U15Tnr026,SZ,57,,
U15Tnr027,SZ,57,,
U15Tnr028,SZ,57,,
U1920nr155,SZ,57,,
U2021nr011,SZ,57,,
U2021nr012,SZ,57,,
U43Onr129,SZ,57,,
zSn14A,SZ,57,,
fHn21,tH1a,58,,
Hd21,tH1a,58,,
Hd21|A,tH1a,58,,
Hd21|B,tH1a,58,,
Hd21|C,tH1a,58,,
Hd21|D,tH1a,58,,
Hd21F,tH1a,58,,
Hd21G,tH1a,58,,
Hn21,tH1a,58,,
Hn21E,tH1a,58,,
Hn21F,tH1a,58,,
Hn21G,tH1a,58,,
Hn21v,tH1a,58,,
Hn21wF,tH1a,58,,
Hn21wg,tH1a,58,,
sHn21,tH1a,58,,
sHn21F,tH1a,58,,
U06Tnr006,tH1a,58,,
U06Tnr102,tH1a,58,,
U06Tnr103,tH1a,58,,
U09Tnr102,tH1a,58,,
U09Tnr103,tH1a,58,,
U11Onr004,tH1a,58,,
U11Onr005,tH1a,58,,
U11Onr006,tH1a,58,,
U11Onr007,tH1a,58,,
U11Onr008,tH1a,58,,
U11Onr009,tH1a,58,,
U11Onr013,tH1a,58,,
U11Onr102,tH1a,58,,
U11Onr103,tH1a,58,,
U11Onr111,tH1a,58,,
U11Wnr004,tH1a,58,,
U11Wnr005,tH1a,58,,
U12Onr101,tH1a,58,,
U12Onr102,tH1a,58,,
U12ORnr104,tH1a,58,,
U12ORnr105,tH1a,58,,
U12ORnr110,tH1a,58,,
U12ORnr111,tH1a,58,,
U12ORnr112,tH1a,58,,
U12ORnr113,tH1a,58,,
U12Wnr101,tH1a,58,,
U12Wnr109,tH1a,58,,
U12Wnr110,tH1a,58,,
U1318nr004,tH1a,58,,
U1318nr005,tH1a,58,,
U15Tnr101,tH1a,58,,
U15Tnr103,tH1a,58,,
U1617nr101,tH1a,58,,
U1617nr102,tH1a,58,,
U1617nr103,tH1a,58,,
U1617nr116,tH1a,58,,
U1617nr117,tH1a,58,,
U1617nr118,tH1a,58,,
U17ORnr109,tH1a,58,,
U17ORnr113,tH1a,58,,
U21Onr105,tH1a,58,,
U21Onr107,tH1a,58,,
U21Onr108,tH1a,58,,
U22Tnr026,tH1a,58,,
U22Tnr028,tH1a,58,,
U22Tnr105,tH1a,58,,
U22Tnr107,tH1a,58,,
U25Onr002,tH1a,58,,
U2627nr008,tH1a,58,,
U2627nr009,tH1a,58,,
U2627nr110,tH1a,58,,
U2632nr107,tH1a,58,,
U2632nr108,tH1a,58,,
U2632nr109,tH1a,58,,
U2632nr110,tH1a,58,,
U2632nr111,tH1a,58,,
U2632nr112,tH1a,58,,
U27ORnr037,tH1a,58,,
U27ORnr038,tH1a,58,,
U27ORnr039,tH1a,58,,
U27ORnr040,tH1a,58,,
U27ORnr041,tH1a,58,,
U27ORnr108,tH1a,58,,
U27ORnr109,tH1a,58,,
U27ORnr110,tH1a,58,,
U27ORnr111,tH1a,58,,
U27ORnr112,tH1a,58,,
U27ORnr113,tH1a,58,,
U27ORnr114,tH1a,58,,
U2829nr004,tH1a,58,,
U2829nr005,tH1a,58,,
U2829nr006,tH1a,58,,
U2829nr102,tH1a,58,,
U28Wnr004,tH1a,58,,
U28Wnr005,tH1a,58,,
U28Wnr006,tH1a,58,,
U28Wnr101,tH1a,58,,
U28Wnr102,tH1a,58,,
U31Onr003,tH1a,58,,
U31Onr103,tH1a,58,,
U31Onr104,tH1a,58,,
U31Onr105,tH1a,58,,
U32ORnr010,tH1a,58,,
U32ORnr011,tH1a,58,,
U32ORnr012,tH1a,58,,
U32ORnr013,tH1a,58,,
U32ORnr014,tH1a,58,,
U32ORnr015,tH1a,58,,
U32ORnr101,tH1a,58,,
U32ORnr102,tH1a,58,,
U32ORnr103,tH1a,58,,
U32ORnr104,tH1a,58,,
U32ORnr106,tH1a,58,,
U32ORnr107,tH1a,58,,
U32ORnr108,tH1a,58,,
U32ORnr109,tH1a,58,,
U32ORnr110,tH1a,58,,
U32ORnr111,tH1a,58,,
U32ORnr112,tH1a,58,,
U32ORnr113,tH1a,58,,
U32ORnr114,tH1a,58,,
U32ORnr115,tH1a,58,,
U32ORnr116,tH1a,58,,
U32ORnr117,tH1a,58,,
U32ORnr118,tH1a,58,,
U33Tnr011,tH1a,58,,
U33Tnr012,tH1a,58,,
U33Tnr102,tH1a,58,,
U33Tnr103,tH1a,58,,
U33Tnr104,tH1a,58,,
U3435nr011,tH1a,58,,
U3435nr012,tH1a,58,,
U3435nr013,tH1a,58,,
U3435nr014,tH1a,58,,
U3435nr015,tH1a,58,,
U3435nr016,tH1a,58,,
U3435nr102,tH1a,58,,
U3435nr103,tH1a,58,,
U3435nr104,tH1a,58,,
U39Tnr002,tH1a,58,,
U39Tnr102,tH1a,58,,
U39Tnr103,tH1a,58,,
U39Tnr104,tH1a,58,,
U40Tnr101,tH1a,58,,
U40Tnr102,tH1a,58,,
U40Tnr103,tH1a,58,,
U40Tnr104,tH1a,58,,
U41Tnr004,tH1a,58,,
U41Tnr102,tH1a,58,,
U4546nr006,tH1a,58,,
U4546nr007,tH1a,58,,
U4546nr008,tH1a,58,,
U4546nr009,tH1a,58,,
U4546nr010,tH1a,58,,
U4546nr110,tH1a,58,,
U4546nr111,tH1a,58,,
U4546nr112,tH1a,58,,
U4546nr113,tH1a,58,,
U4546nr114,tH1a,58,,
U4546nr115,tH1a,58,,
U4546nr116,tH1a,58,,
U49Onr002,tH1a,58,,
U5051nr002,tH1a,58,,
U5051nr103,tH1a,58,,
U5051nr104,tH1a,58,,
U5051nr106,tH1a,58,,
U5051nr108,tH1a,58,,
U5051nr119,tH1a,58,,
U50WRnr119,tH1a,58,,
U51Onr003,tH1a,58,,
U51Onr102,tH1a,58,,
U51Onr103,tH1a,58,,
U51Onr104,tH1a,58,,
U51Onr105,tH1a,58,,
U52Onr102,tH1a,58,,
U52Wnr003,tH1a,58,,
U52Wnr004,tH1a,58,,
U52Wnr005,tH1a,58,,
U52Wnr006,tH1a,58,,
U52Wnr102,tH1a,58,,
U52Wnr103,tH1a,58,,
U52Wnr104,tH1a,58,,
U52Wnr105,tH1a,58,,
U52Wnr106,tH1a,58,,
U5657nr001,tH1a,58,,
U5758nr002,tH1a,58,,
U5758nr003,tH1a,58,,
U5758nr004,tH1a,58,,
U5758nr005,tH1a,58,,
U5758nr101,tH1a,58,,
U5758nr102,tH1a,58,,
U5758nr103,tH1a,58,,
U5758nr104,tH1a,58,,
U5758nr116,tH1a,58,,
U58Onr001,tH1a,58,,
U58Onr101,tH1a,58,,
U58Onr105,tH1a,58,,
U5960nr103,tH1a,58,,
U5960nr104,tH1a,58,,
uHn21,tH1a,58,,
uHn21F,tH1a,58,,
Y21,tH1a,58,,
Y21F,tH1a,58,,
zHd21,tH1a,58,,
zHd21F,tH1a,58,,
zHn21,tH1a,58,,
zHn21F,tH1a,58,,
zY21,tH1a,58,,
zY21F,tH1a,58,,
Hd23,tH1b,59,,
Hd23F,tH1b,59,,
Hn23,tH1b,59,,
Hn23E,tH1b,59,,
Hn23F,tH1b,59,,
Hn23G,tH1b,59,,
U11Onr014,tH1b,59,,
U11Onr017,tH1b,59,,
U17ORnr108,tH1b,59,,
U17ORnr111,tH1b,59,,
U22Tnr106,tH1b,59,,
U27ORnr042,tH1b,59,,
U27ORnr043,tH1b,59,,
U27ORnr115,tH1b,59,,
U2829nr007,tH1b,59,,
U28Wnr007,tH1b,59,,
U28Wnr008,tH1b,59,,
U33Tnr013,tH1b,59,,
U33Tnr014,tH1b,59,,
U5051nr004,tH1b,59,,
U5051nr112,tH1b,59,,
U5051nr114,tH1b,59,,
U50WRnr124,tH1b,59,,
U51Onr106,tH1b,59,,
U51Onr107,tH1b,59,,
U51Onr108,tH1b,59,,
U52Onr103,tH1b,59,,
U52Onr104,tH1b,59,,
U52Onr105,tH1b,59,,
U52Wnr007,tH1b,59,,
U52Wnr008,tH1b,59,,
U52Wnr107,tH1b,59,,
U52Wnr108,tH1b,59,,
U52Wnr109,tH1b,59,,
U52Wnr110,tH1b,59,,
U5657nr110,tH1b,59,,
U5758nr006,tH1b,59,,
U5758nr007,tH1b,59,,
U5758nr105,tH1b,59,,
U5758nr106,tH1b,59,,
U5758nr107,tH1b,59,,
U5758nr108,tH1b,59,,
U5758nr109,tH1b,59,,
U58Onr102,tH1b,59,,
U58Onr103,tH1b,59,,
Y23,tH1b,59,,
Y23b,tH1b,59,,
Y23F,tH1b,59,,
zHn23,tH1b,59,,
zY23,tH1b,59,,
Hd30,tH2a,60,,
Hd30F,tH2a,60,,
Hn30,tH2a,60,,
Hn30F,tH2a,60,,
U2627nr105,tH2a,60,,
U4546nr118,tH2a,60,,
U4546nr120,tH2a,60,,
U4546nr124,tH2a,60,,
U4546nr125,tH2a,60,,
U52Onr001,tH2a,60,,
U52Onr002,tH2a,60,,
U52Onr101,tH2a,60,,
U52Onr106,tH2a,60,,
U5657nr111,tH2a,60,,
U5657nr112,tH2a,60,,
U5657nr113,tH2a,60,,
U5657nr114,tH2a,60,,
Y30,tH2a,60,,
Y30F,tH2a,60,,
zY30,tH2a,60,,
cHd21,cH1a,62,,
cHd21F,cH1a,62,,
cHd21g,cH1a,62,,
cHd21G,cH1a,62,,
cHd21x,cH1a,62,,
cHn21,cH1a,62,,
cHn21E,cH1a,62,,
cHn21F,cH1a,62,,
cHn21g,cH1a,62,,
cHn21G,cH1a,62,,
cHn21gG,cH1a,62,,
cHn21t,cH1a,62,,
cHn21w,cH1a,62,,
cHn21x,cH1a,62,,
cHn21xG,cH1a,62,,
cY21,cH1a,62,,
cY21g,cH1a,62,,
cY21x,cH1a,62,,
gcHn21,cH1a,62,,
gcY21,cH1a,62,,
U06Tnr002,cH1a,62,,
U11Onr001,cH1a,62,,
U11Onr002,cH1a,62,,
U11Wnr001,cH1a,62,,
U11Wnr002,cH1a,62,,
U11Wnr003,cH1a,62,,
U15Tnr001,cH1a,62,,
U15Tnr002,cH1a,62,,
U22Tnr008,cH1a,62,,
U2627nr002,cH1a,62,,
U2627nr003,cH1a,62,,
U2627nr004,cH1a,62,,
U2627nr005,cH1a,62,,
U2632nr002,cH1a,62,,
U2632nr101,cH1a,62,,
U2632nr102,cH1a,62,,
U2632nr103,cH1a,62,,
U2632nr104,cH1a,62,,
U27ORnr029,cH1a,62,,
U27ORnr030,cH1a,62,,
U27ORnr031,cH1a,62,,
U27ORnr101,cH1a,62,,
U27ORnr102,cH1a,62,,
U28Wnr002,cH1a,62,,
U31Onr001,cH1a,62,,
U32ORnr026,cH1a,62,,
U32ORnr027,cH1a,62,,
U32ORnr028,cH1a,62,,
U32ORnr119,cH1a,62,,
U32ORnr137,cH1a,62,,
U32ORnr138,cH1a,62,,
U32ORnr139,cH1a,62,,
U32ORnr140,cH1a,62,,
U32ORnr141,cH1a,62,,
U32ORnr142,cH1a,62,,
U32ORnr143,cH1a,62,,
U32ORnr144,cH1a,62,,
U33Tnr002,cH1a,62,,
U3435nr006,cH1a,62,,
U39Tnr001,cH1a,62,,
U44Onr103,cH1a,62,,
U44Onr104,cH1a,62,,
U4546nr001,cH1a,62,,
U4546nr002,cH1a,62,,
U4546nr003,cH1a,62,,
U4546nr004,cH1a,62,,
U4546nr005,cH1a,62,,
U4546nr102,cH1a,62,,
U4546nr103,cH1a,62,,
U49Onr101,cH1a,62,,
U49Onr102,cH1a,62,,
U5051nr101,cH1a,62,,
U50WRnr101,cH1a,62,,
U50WRnr102,cH1a,62,,
U50WRnr103,cH1a,62,,
U50WRnr104,cH1a,62,,
U5354nr101,cH1a,62,,
U5354nr102,cH1a,62,,
U5354nr103,cH1a,62,,
U5455nr101,cH1a,62,,
U5455nr102,cH1a,62,,
U5455nr103,cH1a,62,,
cHd23,cH1b,63,,
cHd23x,cH1b,63,,
cHn23,cH1b,63,,
cHn23F,cH1b,63,,
cHn23g,cH1b,63,,
cHn23G,cH1b,63,,
cHn23t,cH1b,63,,
cHn23wx,cH1b,63,,
cHn23x,cH1b,63,,
cHn23xF,cH1b,63,,
cHn23xG,cH1b,63,,
cY23,cH1b,63,,
cY23g,cH1b,63,,
cY23G,cH1b,63,,
cY23x,cH1b,63,,
gcY23,cH1b,63,,
mcY23,cH1b,63,,
mcY23x,cH1b,63,,
U06Tnr003,cH1b,63,,
U06Tnr004,cH1b,63,,
U06Tnr101,cH1b,63,,
U09Tnr001,cH1b,63,,
U09Tnr101,cH1b,63,,
U11Onr003,cH1b,63,,
U11Onr101,cH1b,63,,
U22Tnr009,cH1b,63,,
U2627nr006,cH1b,63,,
U2627nr101,cH1b,63,,
U27ORnr032,cH1b,63,,
U27ORnr033,cH1b,63,,
U27ORnr034,cH1b,63,,
U27ORnr035,cH1b,63,,
U27ORnr103,cH1b,63,,
U27ORnr104,cH1b,63,,
U27ORnr105,cH1b,63,,
U28Wnr003,cH1b,63,,
U32ORnr029,cH1b,63,,
U32ORnr145,cH1b,63,,
U32ORnr146,cH1b,63,,
U33Tnr003,cH1b,63,,
U3435nr007,cH1b,63,,
U43Onr001,cH1b,63,,
U43Onr101,cH1b,63,,
U43Onr102,cH1b,63,,
U44Wnr101,cH1b,63,,
U44Wnr102,cH1b,63,,
U49Onr103,cH1b,63,,
U49Onr104,cH1b,63,,
U5051nr001,cH1b,63,,
U50WRnr105,cH1b,63,,
U50WRnr106,cH1b,63,,
U50WRnr107,cH1b,63,,
U50WRnr108,cH1b,63,,
U50WRnr109,cH1b,63,,
U50WRnr110,cH1b,63,,
U50WRnr111,cH1b,63,,
U50WRnr112,cH1b,63,,
U51Onr001,cH1b,63,,
U5758nr001,cH1b,63,,
cHd30,cH2a,64,,
cHn30,cH2a,64,,
cHn30g,cH2a,64,,
cY30,cH2a,64,,
cY30g,cH2a,64,,
gcHd30,cH2a,64,,
gcHn30,cH2a,64,,
gcY30,cH2a,64,,
gcY30F,cH2a,64,,
BZd23,BLKa,66,,
BZd24,BLKa,66,,
AHa|D,BLKb,67,,
AHa|E,BLKb,67,,
AHc|D,BLKb,67,,
AHc|E,BLKb,67,,
AHc|EF,BLKb,67,,
AHc|F,BLKb,67,,
AHk|D,BLKb,67,,
AHk|DE,BLKb,67,,
AHk|E,BLKb,67,,
AHk|F,BLKb,67,,
AHl|C,BLKb,67,,
AHl|D,BLKb,67,,
AHl|DE,BLKb,67,,
AHl|E,BLKb,67,,
AHl|F,BLKb,67,,
AHt,BLKb,67,,
AHv|E,BLKb,67,,
AHz|D,BLKb,67,,
AHz|DE,BLKb,67,,
AHz|E,BLKb,67,,
BLd5|A,BLKb,67,,
BLd5g|A,BLKb,67,,
BLd5t|B,BLKb,67,,
BLh5m|A,BLKb,67,,
BLn5m|A,BLKb,67,,
BLn5t|A,BLKb,67,,
BLn6|A,BLKb,67,,
BLn6|B,BLKb,67,,
BLn6|C,BLKb,67,,
EL5,BLKb,67,,
fpLn5,BLKb,67,,
Ld5,BLKb,67,,
Ld5|A,BLKb,67,,
Ld5g,BLKb,67,,
Ld5g|A,BLKb,67,,
Ld5g|B,BLKb,67,,
Ld5m|A,BLKb,67,,
Ld5t|A,BLKb,67,,
Ld5t|B,BLKb,67,,
Ldd5,BLKb,67,,
Ldd6,BLKb,67,,
Ldh5|A,BLKb,67,,
Ldh5|B,BLKb,67,,
Ldh5g|B,BLKb,67,,
Ldh5t|B,BLKb,67,,
lFK|B,BLKb,67,,
lFK|C,BLKb,67,,
lFKk|C,BLKb,67,,
Lh5,BLKb,67,,
Lh5g,BLKb,67,,
Ln5,BLKb,67,,
Ln5g,BLKb,67,,
Ln5H|A,BLKb,67,,
Ln5m|A,BLKb,67,,
Ln5tG|A,BLKb,67,,
Lnd5,BLKb,67,,
Lnd5g,BLKb,67,,
Lnd5m,BLKb,67,,
Lnd5t,BLKb,67,,
MZk|B,BLKb,67,,
MZk|C,BLKb,67,,
pLn5,BLKb,67,,
pLn5F,BLKb,67,,
pLn5g,BLKb,67,,
ABl,BLKc,68,,
BLb6|B,BLKc,68,,
BLb6|C,BLKc,68,,
BLb6|D,BLKc,68,,
BLb6g|B,BLKc,68,,
BLb6g|C,BLKc,68,,
BLb6k|B,BLKc,68,,
BLb6s|B,BLKc,68,,
BLd6|A,BLKc,68,,
BLd6|B,BLKc,68,,
BLd6E|A,BLKc,68,,
BLd6m|A,BLKc,68,,
BLh6|A,BLKc,68,,
BLh6|B,BLKc,68,,
BLh6g|A,BLKc,68,,
BLh6m|B,BLKc,68,,
BLh6s|B,BLKc,68,,
BLn6g|A,BLKc,68,,
BLn6m|B,BLKc,68,,
BLn6s|A,BLKc,68,,
gLd6|A,BLKc,68,,
gLd6|B,BLKc,68,,
gLd6|C,BLKc,68,,
gLh6|B,BLKc,68,,
gLh6|C,BLKc,68,,
Ld6|B,BLKc,68,,
Ld6|C,BLKc,68,,
Ld6|D,BLKc,68,,
Ld6a|C,BLKc,68,,
Ld6E|A,BLKc,68,,
Ld6g|A,BLKc,68,,
Ld6g|B,BLKc,68,,
Ld6g|C,BLKc,68,,
Ld6g|D,BLKc,68,,
Ld6k|B,BLKc,68,,
Ld6k|C,BLKc,68,,
Ld6m|C,BLKc,68,,
Ld6s|C,BLKc,68,,
Ld6t|B,BLKc,68,,
Ld6t|D,BLKc,68,,
Ldd5g,BLKc,68,,
Ldh6|A,BLKc,68,,
Ldh6|B,BLKc,68,,
Ldh6|C,BLKc,68,,
Ldh6G|A,BLKc,68,,
Ldh6m|A,BLKc,68,,
Lh6g|B,BLKc,68,,
Lh6s|B,BLKc,68,,
Ln6a|C,BLKc,68,,
Ln6m|C,BLKc,68,,
Ln6t|D,BLKc,68,,
Lnd6,BLKc,68,,
Lnd6E,BLKc,68,,
Lnd6v,BLKc,68,,
Lnh6|A,BLKc,68,,
mLd6s|C,BLKc,68,,
mLh6s|A,BLKc,68,,
U5960nr101,BLKc,68,,
U5960nr102,BLKc,68,,
U6162nr101,BLKc,68,,
BKd25,BLKd,69,,
BKd25x,BLKd,69,,
BKd26,BLKd,69,,
BKh25,BLKd,69,,
BKh25x,BLKd,69,,
BKh26,BLKd,69,,
BKh26x,BLKd,69,,
fKRn1,BLKd,69,,
fKRn1g,BLKd,69,,
fKRn2g,BLKd,69,,
gKRd1,BLKd,69,,
gKRn1,BLKd,69,,
gKRn2,BLKd,69,,
KK|B,BLKd,69,,
KK|C,BLKd,69,,
KM|C,BLKd,69,,
KRd1,BLKd,69,,
KRd1g,BLKd,69,,
KRd1G,BLKd,69,,
KRd1gG,BLKd,69,,
KRn1,BLKd,69,,
KRn1g,BLKd,69,,
KRn1G,BLKd,69,,
KRn2,BLKd,69,,
KRn2F,BLKd,69,,
KRn2g,BLKd,69,,
KRn2G,BLKd,69,,
KRn2gG,BLKd,69,,
KRn2H,BLKd,69,,
KRn2w,BLKd,69,,
KT,BLKd,69,,
KX,BLKd,69,,
KXG,BLKd,69,,
pKRn1,BLKd,69,,
pKRn1g,BLKd,69,,
pKRn2,BLKd,69,,
pKRn2g,BLKd,69,,
U40Tnr003,BLKd,69,,
U4546nr015,BLKd,69,,
U5960nr105,BLKd,69,,
U5960nr106,BLKd,69,,
zKRn1g,BLKd,69,,
zKRn2,BLKd,69,,
fKRn8,BLKe,70,,
fKRn8g,BLKe,70,,
gKRd7,BLKe,70,,
gMK|B,BLKe,70,,
KRd7,BLKe,70,,
KRd7g,BLKe,70,,
KRn8,BLKe,70,,
KRn8g,BLKe,70,,
KRn8G,BLKe,70,,
lKK|B,BLKe,70,,
lKK|C,BLKe,70,,
lKK|D,BLKe,70,,
lKM|C,BLKe,70,,
lKRd7,BLKe,70,,
MA|B,BLKe,70,,
MA|C,BLKe,70,,
MK|B,BLKe,70,,
mKK|B,BLKe,70,,
mKK|C,BLKe,70,,
mKRd7,BLKe,70,,
mKX,BLKe,70,,
AHs|D,G30,71,,
AHs|E,G30,71,,
AHs|F,G30,71,,
FG|A,G30,71,,
FG|B,G30,71,,
FG|C,G30,71,,
FG|D,G30,71,,
FG|E,G30,71,,
FG|F,G30,71,,
fpZg21g,G30,71,,
fpZg23g,G30,71,,
fpZg23gE,G30,71,,
fZn21g,G30,71,,
fZn23g,G30,71,,
gHd21,G30,71,,
gHd30,G30,71,,
gHd30F,G30,71,,
gHn21,G30,71,,
gHn23,G30,71,,
gHn30,G30,71,,
gHn30F,G30,71,,
gHn30G,G30,71,,
gpZg30,G30,71,,
gpZn21,G30,71,,
gpZn21G,G30,71,,
gpZn30,G30,71,,
gtZd30G,G30,71,,
gY21,G30,71,,
gY21F,G30,71,,
gY21g,G30,71,,
gY23F,G30,71,,
gY30,G30,71,,
gY30F,G30,71,,
gY30G,G30,71,,
gZb30,G30,71,,
gZd21,G30,71,,
gZd30,G30,71,,
gZd30G,G30,71,,
gZn30,G30,71,,
Hd21g,G30,71,,
Hd21gE,G30,71,,
Hd21gF,G30,71,,
Hd23g,G30,71,,
Hd30gF,G30,71,,
Hn21g,G30,71,,
Hn21gE,G30,71,,
Hn21gF,G30,71,,
Hn21gG,G30,71,,
Hn23g,G30,71,,
Hn23gF,G30,71,,
Hn30g,G30,71,,
KS|B,G30,71,,
lFG|A,G30,71,,
lFG|B,G30,71,,
lFG|C,G30,71,,
lFG|D,G30,71,,
lKS|A,G30,71,,
lKS|B,G30,71,,
lKS|C,G30,71,,
lKS|D,G30,71,,
mHd23,G30,71,,
mY23,G30,71,,
pZg21g,G30,71,,
pZg23g,G30,71,,
pZg23gF,G30,71,,
pZn21g,G30,71,,
pZn21gE,G30,71,,
pZn21gF,G30,71,,
pZn21gG,G30,71,,
pZn23g,G30,71,,
pZn23gE,G30,71,,
pZn23gF,G30,71,,
pZn30g,G30,71,,
tZd21g,G30,71,,
U17ORnr110,G30,71,,
U17ORnr124,G30,71,,
U21Onr106,G30,71,,
U21Onr109,G30,71,,
U2627nr007,G30,71,,
U2627nr010,G30,71,,
U2627nr011,G30,71,,
U2627nr012,G30,71,,
U2627nr013,G30,71,,
U2627nr019,G30,71,,
U2627nr021,G30,71,,
U2627nr102,G30,71,,
U2627nr103,G30,71,,
U2627nr104,G30,71,,
U2627nr106,G30,71,,
U2627nr107,G30,71,,
U2627nr108,G30,71,,
U2627nr112,G30,71,,
U2632nr106,G30,71,,
U32ORnr120,G30,71,,
U32ORnr122,G30,71,,
U32ORnr128,G30,71,,
U32ORnr130,G30,71,,
U32ORnr131,G30,71,,
U32ORnr132,G30,71,,
U32ORnr133,G30,71,,
U33Tnr007,G30,71,,
U33Tnr008,G30,71,,
U33Tnr009,G30,71,,
U33Tnr010,G30,71,,
U33Tnr101,G30,71,,
U33Tnr105,G30,71,,
U33Tnr106,G30,71,,
U41Tnr003,G30,71,,
U41Tnr005,G30,71,,
U44Onr110,G30,71,,
U44Onr111,G30,71,,
U44Onr112,G30,71,,
U44Wnr122,G30,71,,
U44Wnr123,G30,71,,
U44Wnr124,G30,71,,
U4546nr011,G30,71,,
U4546nr012,G30,71,,
U4546nr013,G30,71,,
U4546nr017,G30,71,,
U4546nr018,G30,71,,
U4546nr106,G30,71,,
U4546nr107,G30,71,,
U4546nr108,G30,71,,
U4546nr109,G30,71,,
U5051nr003,G30,71,,
U5051nr111,G30,71,,
U5051nr113,G30,71,,
U5657nr002,G30,71,,
U5657nr003,G30,71,,
U5657nr101,G30,71,,
U5657nr102,G30,71,,
U5657nr103,G30,71,,
U5657nr104,G30,71,,
U5657nr105,G30,71,,
U5657nr106,G30,71,,
U5657nr107,G30,71,,
U5657nr108,G30,71,,
U5657nr115,G30,71,,
U5657nr117,G30,71,,
U5960nr109,G30,71,,
U5960nr110,G30,71,,
Y21g,G30,71,,
Y21gF,G30,71,,
Y23g,G30,71,,
Zb21g,G30,71,,
Zb23g,G30,71,,
Zb30g,G30,71,,
Zd21g,G30,71,,
zgHd30,G30,71,,
zgHd30F,G30,71,,
zgY30,G30,71,,
zgY30F,G30,71,,
zHd21g,G30,71,,
Zn21g,G30,71,,
Zn21gF,G30,71,,
Zn23g,G30,71,,
Zn23gF,G30,71,,
Zn23gG,G30,71,,
Zn30Ag,G30,71,,
Zn30g,G30,71,,
zY21g,G30,71,,
ABzt,Z30/t,72,,
fpZg23t,Z30/t,72,,
fpZg23x,Z30/t,72,,
fpZn23tg,Z30/t,72,,
gHn21t,Z30/t,72,,
gHn21x,Z30/t,72,,
gHn23x,Z30/t,72,,
gHn30t,Z30/t,72,,
gHn30x,Z30/t,72,,
gHn30xF,Z30/t,72,,
gpZg23x,Z30/t,72,,
gpZn21x,Z30/t,72,,
gpZn23x,Z30/t,72,,
Hd21x,Z30/t,72,,
Hd23x,Z30/t,72,,
Hd23xF,Z30/t,72,,
Hn21gx,Z30/t,72,,
Hn21t,Z30/t,72,,
Hn21tF,Z30/t,72,,
Hn21x,Z30/t,72,,
Hn21xF,Z30/t,72,,
Hn21xg,Z30/t,72,,
Hn21xG,Z30/t,72,,
Hn23t,Z30/t,72,,
Hn23tF,Z30/t,72,,
Hn23tG,Z30/t,72,,
Hn23x,Z30/t,72,,
Hn23xE,Z30/t,72,,
Hn23xF,Z30/t,72,,
Hn23xg,Z30/t,72,,
Hn23xG,Z30/t,72,,
Hn30x,Z30/t,72,,
mHn21x,Z30/t,72,,
mHn23x,Z30/t,72,,
mY23x,Z30/t,72,,
mZb23x,Z30/t,72,,
pZg21t,Z30/t,72,,
pZg21tF,Z30/t,72,,
pZg21x,Z30/t,72,,
pZg23t,Z30/t,72,,
pZg23tF,Z30/t,72,,
pZg23x,Z30/t,72,,
pZg23xF,Z30/t,72,,
pZg30x,Z30/t,72,,
pZn21t,Z30/t,72,,
pZn21tF,Z30/t,72,,
pZn21tgE,Z30/t,72,,
pZn21x,Z30/t,72,,
pZn23gx,Z30/t,72,,
pZn23t,Z30/t,72,,
pZn23tF,Z30/t,72,,
pZn23x,Z30/t,72,,
pZn23xF,Z30/t,72,,
pZn30x,Z30/t,72,,
U06Tnr104,Z30/t,72,,
U11Onr010,Z30/t,72,,
U11Onr011,Z30/t,72,,
U11Onr012,Z30/t,72,,
U11Onr015,Z30/t,72,,
U11Onr016,Z30/t,72,,
U11Onr104,Z30/t,72,,
U12ORnr106,Z30/t,72,,
U12ORnr126,Z30/t,72,,
U12ORnr127,Z30/t,72,,
U12Wnr102,Z30/t,72,,
U12Wnr112,Z30/t,72,,
U15Tnr102,Z30/t,72,,
U1617nr104,Z30/t,72,,
U1617nr105,Z30/t,72,,
U1617nr106,Z30/t,72,,
U1617nr107,Z30/t,72,,
U1617nr112,Z30/t,72,,
U1617nr113,Z30/t,72,,
U1617nr114,Z30/t,72,,
U1617nr115,Z30/t,72,,
U1617nr119,Z30/t,72,,
U16Tnr102,Z30/t,72,,
U17ORnr104,Z30/t,72,,
U17ORnr105,Z30/t,72,,
U17ORnr106,Z30/t,72,,
U17ORnr107,Z30/t,72,,
U17ORnr112,Z30/t,72,,
U17ORnr115,Z30/t,72,,
U17ORnr116,Z30/t,72,,
U22Tnr027,Z30/t,72,,
U22Tnr029,Z30/t,72,,
U22Tnr036,Z30/t,72,,
U22Tnr102,Z30/t,72,,
U22Tnr108,Z30/t,72,,
U2829nr008,Z30/t,72,,
U2829nr101,Z30/t,72,,
U28Wnr103,Z30/t,72,,
U41Tnr002,Z30/t,72,,
U41Tnr101,Z30/t,72,,
U44Onr113,Z30/t,72,,
U44Wnr135,Z30/t,72,,
U4546nr117,Z30/t,72,,
U4546nr119,Z30/t,72,,
U49Onr105,Z30/t,72,,
U5051nr105,Z30/t,72,,
U5051nr107,Z30/t,72,,
U5051nr109,Z30/t,72,,
U5051nr110,Z30/t,72,,
U50WRnr117,Z30/t,72,,
U50WRnr118,Z30/t,72,,
U50WRnr121,Z30/t,72,,
U50WRnr122,Z30/t,72,,
U50WRnr123,Z30/t,72,,
U50WRnr125,Z30/t,72,,
U50WRnr126,Z30/t,72,,
U5657nr109,Z30/t,72,,
Y21x,Z30/t,72,,
Y23x,Z30/t,72,,
Y30x,Z30/t,72,,
Zb23t,Z30/t,72,,
Zb23x,Z30/t,72,,
Zn21t,Z30/t,72,,
Zn21x,Z30/t,72,,
Zn21xF,Z30/t,72,,
Zn23t,Z30/t,72,,
Zn23tF,Z30/t,72,,
Zn23x,Z30/t,72,,
Zn30x,Z30/t,72,,
|a GROEVE,|a GROEVE,0,,
|b AFGRAV,|b AFGRAV,0,,
|c OPHOOG,|c OPHOOG,0,,
|d EGAL,|d EGAL,0,,
|e VERWERK,|e VERWERK,0,,
|f TERP,|f TERP,0,,
|g MOERAS,|g MOERAS,0,,
|g WATER,|g WATER,0,,
|h BEBOUW,|h BEBOUW,0,,
|h DIJK,|h DIJK,0,,
|i BOVLAND,|i BOVLAND,0,,
|j MYNSTRT,|j MYNSTRT,0,,
AQ,OVERI,0,,
U06Tnr109,pV,0,,
U1419nr154,pV,0,,
U1920nr154,pV,0,,
U2021nr003,pV,0,,
U30Tnr109,pV,0,,
U31Onr109,pV,0,,
U37Onr024,pV,0,,
U37Onr140,pV,0,,
U43Onr128,pV,0,,
U44Wnr134,pV,0,,
U4546nr122,pV,0,,
